timestamp,numFrame,x,y,z,doppler,SNR,Range,Azimuth,Elevation
1751441099662.5002,1,0.0,1.0308568477630615,-0.8238924145698547,0.0,11.9,1.3196456158248475,90.0,-38.63292069087943
1751441099662.5002,2,0.8905436396598816,6.85814094543457,0.0,-1.492160677909851,11.700000000000001,6.915718704631128,82.60142423570652,0.0
1751441099662.5002,3,-7.460803508758545,0.0,-1.528778076171875,1.3769336938858032,12.600000000000001,7.615822437694277,180.0,-11.58006567358819
1751441099662.5002,4,0.0,0.0,0.0,0.0,15.700000000000001,0.0,0.0,0.0
1751441099724.4136,1,0.041194621473550797,1.0300334692001343,-0.8238924145698547,0.0,11.700000000000001,1.3196456552031528,87.70976301117093,-38.63291932442718
1751441099724.4136,2,0.8905436396598816,6.85814094543457,0.0,-1.492160677909851,12.3,6.915718704631128,82.60142423570652,0.0
1751441099724.4136,3,-7.460803508758545,0.0,-1.528778076171875,2.4199461936950684,12.600000000000001,7.615822437694277,180.0,-11.58006567358819
1751441099724.4136,4,0.0,0.0,0.0,0.0,15.700000000000001,0.0,0.0,0.0
1751441099777.3982,1,0.041194621473550797,1.0300334692001343,-0.8238924145698547,0.0,11.5,1.3196456552031528,87.70976301117093,-38.63291932442718
1751441099777.3982,2,0.8905436396598816,6.85814094543457,0.0,-1.492160677909851,12.4,6.915718704631128,82.60142423570652,0.0
1751441099777.3982,3,-7.460803508758545,0.0,-1.528778076171875,2.4199461936950684,12.9,7.615822437694277,180.0,-11.58006567358819
1751441099777.3982,4,0.0,0.0,0.0,0.0,15.4,0.0,0.0,0.0
1751441099842.6877,1,0.041194621473550797,1.0300334692001343,-0.8238924145698547,0.0,11.4,1.3196456552031528,87.70976301117093,-38.63291932442718
1751441099842.6877,2,0.8905436396598816,6.85814094543457,0.0,-1.492160677909851,12.3,6.915718704631128,82.60142423570652,0.0
1751441099842.6877,3,-7.460803508758545,0.0,-1.528778076171875,2.4199461936950684,12.600000000000001,7.615822437694277,180.0,-11.58006567358819
1751441099842.6877,4,0.0,0.0,0.0,0.0,15.0,0.0,0.0,0.0
1751441099905.4524,1,0.0,1.0308568477630615,-0.8238924145698547,0.0,11.600000000000001,1.3196456158248475,90.0,-38.63292069087943
1751441099905.4524,2,0.8905436396598816,6.85814094543457,0.0,-1.492160677909851,11.4,6.915718704631128,82.60142423570652,0.0
1751441099905.4524,3,-7.460803508758545,0.0,-1.7835743427276611,2.2387874126434326,12.600000000000001,7.671031640681729,180.0,-13.444758841180576
1751441099905.4524,4,0.0,0.0,0.0,0.0,15.0,0.0,0.0,0.0
1751441099968.7383,1,0.041194621473550797,1.0300334692001343,-0.8238924145698547,0.0,11.8,1.3196456552031528,87.70976301117093,-38.63291932442718
1751441099968.7383,2,0.8905436396598816,6.85814094543457,0.0,-1.492160677909851,12.100000000000001,6.915718704631128,82.60142423570652,0.0
1751441099968.7383,3,-7.460803508758545,0.0,-1.7835743427276611,2.2387874126434326,12.9,7.671031640681729,180.0,-13.444758841180576
1751441099968.7383,4,0.0,0.0,0.0,0.0,14.700000000000001,0.0,0.0,0.0
1751441100031.3862,1,0.041194621473550797,1.0300334692001343,-0.8238924145698547,0.0,11.5,1.3196456552031528,87.70976301117093,-38.63291932442718
1751441100031.3862,2,0.8905436396598816,6.85814094543457,0.0,-1.492160677909851,12.3,6.915718704631128,82.60142423570652,0.0
1751441100031.3862,3,-7.460803508758545,0.0,-1.7835743427276611,2.2387874126434326,13.0,7.671031640681729,180.0,-13.444758841180576
1751441100031.3862,4,0.0,0.0,0.0,0.0,14.9,0.0,0.0,0.0
1751441100093.9963,1,0.041194621473550797,1.0300334692001343,-0.8238924145698547,0.0,11.5,1.3196456552031528,87.70976301117093,-38.63291932442718
1751441100093.9963,2,0.8905436396598816,6.85814094543457,0.0,-1.492160677909851,12.3,6.915718704631128,82.60142423570652,0.0
1751441100093.9963,3,-7.460803508758545,0.0,-1.7835743427276611,2.2387874126434326,12.700000000000001,7.671031640681729,180.0,-13.444758841180576
1751441100093.9963,4,0.0,0.0,0.0,0.0,15.0,0.0,0.0,0.0
1751441100157.453,1,0.041194621473550797,1.0300334692001343,-0.8238924145698547,0.0,11.600000000000001,1.3196456552031528,87.70976301117093,-38.63291932442718
1751441100157.453,2,0.8905436396598816,6.85814094543457,0.0,-1.2434672117233276,12.0,6.915718704631128,82.60142423570652,0.0
1751441100157.453,3,-7.460803508758545,0.0,-1.7835743427276611,2.2387874126434326,11.8,7.671031640681729,180.0,-13.444758841180576
1751441100157.453,4,0.0,0.0,0.0,0.0,14.8,0.0,0.0,0.0
1751441100220.5928,1,0.0,1.0308568477630615,-0.8238924145698547,0.0,11.600000000000001,1.3196456158248475,90.0,-38.63292069087943
1751441100220.5928,2,0.8905436396598816,6.85814094543457,0.0,-1.492160677909851,12.100000000000001,6.915718704631128,82.60142423570652,0.0
1751441100220.5928,3,-7.460803508758545,0.0,-1.7835743427276611,2.2387874126434326,12.700000000000001,7.671031640681729,180.0,-13.444758841180576
1751441100220.5928,4,0.0,0.0,0.0,0.0,14.8,0.0,0.0,0.0
1751441100283.5747,1,0.0,1.0308568477630615,-0.8238924145698547,0.0,11.600000000000001,1.3196456158248475,90.0,-38.63292069087943
1751441100283.5747,2,0.8905436396598816,6.85814094543457,0.0,-1.492160677909851,11.9,6.915718704631128,82.60142423570652,0.0
1751441100283.5747,3,-7.460803508758545,0.0,-1.528778076171875,1.3769336938858032,13.4,7.615822437694277,180.0,-11.58006567358819
1751441100283.5747,4,0.0,0.0,0.0,0.0,15.600000000000001,0.0,0.0,0.0
1751441100345.9978,1,0.041194621473550797,1.0300334692001343,-0.8238924145698547,0.0,11.4,1.3196456552031528,87.70976301117093,-38.63291932442718
1751441100345.9978,2,0.8905436396598816,6.85814094543457,0.0,-1.2434672117233276,12.200000000000001,6.915718704631128,82.60142423570652,0.0
1751441100345.9978,3,-7.460803508758545,0.0,-1.7835743427276611,2.2387874126434326,12.100000000000001,7.671031640681729,180.0,-13.444758841180576
1751441100345.9978,4,0.0,0.0,0.0,0.0,14.9,0.0,0.0,0.0
1751441100408.6125,1,0.041194621473550797,1.0300334692001343,-0.8238924145698547,0.0,11.4,1.3196456552031528,87.70976301117093,-38.63291932442718
1751441100408.6125,2,0.8905436396598816,6.85814094543457,0.0,-1.2434672117233276,12.4,6.915718704631128,82.60142423570652,0.0
1751441100408.6125,3,-7.460803508758545,0.0,-1.7835743427276611,2.2387874126434326,12.200000000000001,7.671031640681729,180.0,-13.444758841180576
1751441100408.6125,4,0.0,0.0,0.0,0.0,14.3,0.0,0.0,0.0
1751441100471.1238,1,0.041194621473550797,1.0300334692001343,-0.8238924145698547,0.0,11.5,1.3196456552031528,87.70976301117093,-38.63291932442718
1751441100471.1238,2,0.8905436396598816,6.85814094543457,0.0,-1.492160677909851,12.3,6.915718704631128,82.60142423570652,0.0
1751441100471.1238,3,-7.460803508758545,0.0,-1.7835743427276611,2.2387874126434326,12.3,7.671031640681729,180.0,-13.444758841180576
1751441100471.1238,4,0.0,0.0,0.0,0.0,15.0,0.0,0.0,0.0
1751441100534.2563,1,-1.5486124753952026,0.8905436396598816,6.85814094543457,0.0,12.3,7.0869856639148425,150.09855499799554,75.39999767116923
1751441100534.2563,2,2.3619840145111084,-7.460803508758545,0.0,-1.7835743427276611,12.100000000000001,7.825762421713927,-72.43295538619833,0.0
1751441100534.2563,3,0.0,0.0,0.0,0.0,13.9,0.0,0.0,0.0
1751441100596.7563,1,0.041194621473550797,1.0300334692001343,-0.8238924145698547,0.0,11.4,1.3196456552031528,87.70976301117093,-38.63291932442718
1751441100596.7563,2,1.195543885231018,6.85814094543457,0.0,-1.492160677909851,12.600000000000001,6.9615675252747105,80.11129667065943,0.0
1751441100596.7563,3,-7.460803508758545,0.0,-1.7835743427276611,2.2387874126434326,12.100000000000001,7.671031640681729,180.0,-13.444758841180576
1751441100596.7563,4,0.0,0.0,0.0,0.0,13.9,0.0,0.0,0.0
1751441100659.8826,1,0.0,1.0308568477630615,-0.8238924145698547,0.0,11.9,1.3196456158248475,90.0,-38.63292069087943
1751441100659.8826,2,0.8905436396598816,6.85814094543457,0.0,-1.492160677909851,12.5,6.915718704631128,82.60142423570652,0.0
1751441100659.8826,3,-7.460803508758545,0.0,-1.7835743427276611,2.2387874126434326,12.4,7.671031640681729,180.0,-13.444758841180576
1751441100659.8826,4,0.0,0.0,0.0,0.0,15.200000000000001,0.0,0.0,0.0
1751441100723.7754,1,0.0,1.0308568477630615,-0.8238924145698547,0.0,11.600000000000001,1.3196456158248475,90.0,-38.63292069087943
1751441100723.7754,2,1.195543885231018,6.85814094543457,0.0,-1.2434672117233276,12.0,6.9615675252747105,80.11129667065943,0.0
1751441100723.7754,3,-7.460803508758545,0.0,-1.7835743427276611,2.2387874126434326,12.0,7.671031640681729,180.0,-13.444758841180576
1751441100723.7754,4,0.0,0.0,0.0,0.0,13.8,0.0,0.0,0.0
1751441100786.148,1,0.0,1.0308568477630615,-0.8238924145698547,0.0,11.8,1.3196456158248475,90.0,-38.63292069087943
1751441100786.148,2,0.8905436396598816,6.85814094543457,0.0,-1.2434672117233276,12.4,6.915718704631128,82.60142423570652,0.0
1751441100786.148,3,-7.460803508758545,0.0,-1.7835743427276611,2.2387874126434326,12.3,7.671031640681729,180.0,-13.444758841180576
1751441100786.148,4,0.0,0.0,0.0,0.0,14.100000000000001,0.0,0.0,0.0
1751441100849.3481,1,-0.041194621473550797,1.0300334692001343,-0.8238924145698547,0.0,11.9,1.3196456552031528,92.29023698882905,-38.63291932442718
1751441100849.3481,2,0.8905436396598816,6.85814094543457,0.0,-1.2434672117233276,12.4,6.915718704631128,82.60142423570652,0.0
1751441100849.3481,3,-7.460803508758545,0.0,-1.528778076171875,1.3769336938858032,12.0,7.615822437694277,180.0,-11.58006567358819
1751441100849.3481,4,0.0,0.0,0.0,0.0,14.0,0.0,0.0,0.0
1751441100912.4526,1,-0.041194621473550797,1.0300334692001343,-0.8238924145698547,0.0,11.600000000000001,1.3196456552031528,92.29023698882905,-38.63291932442718
1751441100912.4526,2,0.8905436396598816,6.85814094543457,0.0,-1.492160677909851,13.100000000000001,6.915718704631128,82.60142423570652,0.0
1751441100912.4526,3,-7.460803508758545,0.0,-1.7835743427276611,2.2387874126434326,13.200000000000001,7.671031640681729,180.0,-13.444758841180576
1751441100912.4526,4,0.0,0.0,0.0,0.0,14.600000000000001,0.0,0.0,0.0
1751441100975.3503,1,0.0,1.0308568477630615,-0.8238924145698547,0.0,11.9,1.3196456158248475,90.0,-38.63292069087943
1751441100975.3503,2,0.8905436396598816,6.85814094543457,0.0,-1.492160677909851,12.3,6.915718704631128,82.60142423570652,0.0
1751441100975.3503,3,-7.460803508758545,0.0,-1.7835743427276611,2.2387874126434326,12.200000000000001,7.671031640681729,180.0,-13.444758841180576
1751441100975.3503,4,0.0,0.0,0.0,0.0,14.3,0.0,0.0,0.0
1751441101037.9995,1,0.0,1.0308568477630615,-0.8238924145698547,0.0,11.4,1.3196456158248475,90.0,-38.63292069087943
1751441101037.9995,2,0.8905436396598816,6.85814094543457,0.0,-1.2434672117233276,11.700000000000001,6.915718704631128,82.60142423570652,0.0
1751441101037.9995,3,-7.460803508758545,0.0,-1.7835743427276611,2.2387874126434326,12.0,7.671031640681729,180.0,-13.444758841180576
1751441101037.9995,4,0.0,0.0,0.0,0.0,13.9,0.0,0.0,0.0
1751441101100.4175,1,0.041194621473550797,1.0300334692001343,-0.8238924145698547,0.0,11.600000000000001,1.3196456552031528,87.70976301117093,-38.63291932442718
1751441101100.4175,2,2.1011505126953125,6.636910915374756,0.0,-1.2434672117233276,12.3,6.961567350505226,72.43296208580024,0.0
1751441101100.4175,3,-7.460803508758545,0.0,-1.528778076171875,1.3769336938858032,12.200000000000001,7.615822437694277,180.0,-11.58006567358819
1751441101100.4175,4,0.0,0.0,0.0,0.0,15.3,0.0,0.0,0.0
1751441101163.5698,1,0.041194621473550797,1.0300334692001343,-0.8238924145698547,0.0,11.4,1.3196456552031528,87.70976301117093,-38.63291932442718
1751441101163.5698,2,2.1011505126953125,6.636910915374756,0.0,-1.492160677909851,12.600000000000001,6.961567350505226,72.43296208580024,0.0
1751441101163.5698,3,-7.460803508758545,0.0,-1.528778076171875,1.3769336938858032,12.3,7.615822437694277,180.0,-11.58006567358819
1751441101163.5698,4,0.0,0.0,0.0,0.0,14.600000000000001,0.0,0.0,0.0
1751441101227.5383,1,0.041194621473550797,1.0300334692001343,-0.8238924145698547,0.0,11.5,1.3196456552031528,87.70976301117093,-38.63291932442718
1751441101227.5383,2,0.8905436396598816,6.85814094543457,0.0,-1.492160677909851,12.3,6.915718704631128,82.60142423570652,0.0
1751441101227.5383,3,-7.460803508758545,0.0,-1.528778076171875,1.3769336938858032,12.600000000000001,7.615822437694277,180.0,-11.58006567358819
1751441101227.5383,4,0.0,0.0,0.0,0.0,15.3,0.0,0.0,0.0
1751441101289.671,1,0.041194621473550797,1.0300334692001343,-0.8238924145698547,0.0,11.4,1.3196456552031528,87.70976301117093,-38.63291932442718
1751441101289.671,2,0.8905436396598816,6.85814094543457,0.0,-1.2434672117233276,12.200000000000001,6.915718704631128,82.60142423570652,0.0
1751441101289.671,3,-7.460803508758545,0.0,-1.528778076171875,1.3769336938858032,11.8,7.615822437694277,180.0,-11.58006567358819
1751441101289.671,4,0.0,0.0,0.0,0.0,15.5,0.0,0.0,0.0
1751441101352.3296,1,0.041194621473550797,1.0300334692001343,-0.8238924145698547,0.0,11.3,1.3196456552031528,87.70976301117093,-38.63291932442718
1751441101352.3296,2,2.1011505126953125,6.636910915374756,0.0,-1.2434672117233276,12.5,6.961567350505226,72.43296208580024,0.0
1751441101352.3296,3,-7.460803508758545,0.0,-1.528778076171875,1.3769336938858032,12.5,7.615822437694277,180.0,-11.58006567358819
1751441101352.3296,4,0.0,0.0,0.0,0.0,15.3,0.0,0.0,0.0
1751441101415.0925,1,0.0,1.0308568477630615,-0.8238924145698547,0.0,11.200000000000001,1.3196456158248475,90.0,-38.63292069087943
1751441101415.0925,2,2.1011505126953125,6.636910915374756,0.0,-1.2434672117233276,11.700000000000001,6.961567350505226,72.43296208580024,0.0
1751441101415.0925,3,-7.460803508758545,0.0,-1.528778076171875,1.3769336938858032,12.3,7.615822437694277,180.0,-11.58006567358819
1751441101415.0925,4,0.0,0.0,0.0,0.0,14.700000000000001,0.0,0.0,0.0
1751441101477.7256,1,-1.5486124753952026,0.8905436396598816,6.85814094543457,0.0,12.600000000000001,7.0869856639148425,150.09855499799554,75.39999767116923
1751441101477.7256,2,2.501859426498413,-7.460803508758545,0.0,-1.7835743427276611,12.600000000000001,7.869109834426178,-71.46195783223777,0.0
1751441101477.7256,3,0.0,0.0,0.0,0.0,14.700000000000001,0.0,0.0,0.0
1751441101540.3767,1,0.0,1.062472939491272,-0.7826977968215942,0.0,11.3,1.319645629819082,90.0,-36.37816501276454
1751441101540.3767,2,0.8905436396598816,6.85814094543457,0.0,-1.2434672117233276,12.200000000000001,6.915718704631128,82.60142423570652,0.0
1751441101540.3767,3,-7.460803508758545,0.0,-1.528778076171875,1.3769336938858032,12.700000000000001,7.615822437694277,180.0,-11.58006567358819
1751441101540.3767,4,0.0,0.0,0.0,0.0,14.9,0.0,0.0,0.0
1751441101603.0115,1,0.0,1.0308568477630615,-0.8238924145698547,0.0,11.200000000000001,1.3196456158248475,90.0,-38.63292069087943
1751441101603.0115,2,0.8905436396598816,6.85814094543457,0.0,-1.2434672117233276,12.600000000000001,6.915718704631128,82.60142423570652,0.0
1751441101603.0115,3,-7.460803508758545,0.0,-1.528778076171875,1.3769336938858032,13.100000000000001,7.615822437694277,180.0,-11.58006567358819
1751441101603.0115,4,0.0,0.0,0.0,0.0,15.0,0.0,0.0,0.0
1751441101665.646,1,0.0,1.0308568477630615,-0.8238924145698547,0.0,11.600000000000001,1.3196456158248475,90.0,-38.63292069087943
1751441101665.646,2,0.8905436396598816,6.85814094543457,0.0,-1.492160677909851,12.200000000000001,6.915718704631128,82.60142423570652,0.0
1751441101665.646,3,-7.460803508758545,0.0,-1.7835743427276611,2.2387874126434326,12.700000000000001,7.671031640681729,180.0,-13.444758841180576
1751441101665.646,4,0.0,0.0,0.0,0.0,14.200000000000001,0.0,0.0,0.0
1751441101728.412,1,0.0,1.0308568477630615,-0.8238924145698547,0.0,11.5,1.3196456158248475,90.0,-38.63292069087943
1751441101728.412,2,0.8905436396598816,6.85814094543457,0.0,-1.492160677909851,12.200000000000001,6.915718704631128,82.60142423570652,0.0
1751441101728.412,3,-7.460803508758545,0.0,-1.528778076171875,1.3769336938858032,12.5,7.615822437694277,180.0,-11.58006567358819
1751441101728.412,4,0.0,0.0,0.0,0.0,14.3,0.0,0.0,0.0
1751441101791.3804,1,0.0,1.0308568477630615,-0.8238924145698547,0.0,11.600000000000001,1.3196456158248475,90.0,-38.63292069087943
1751441101791.3804,2,0.8905436396598816,6.85814094543457,0.0,-1.492160677909851,12.3,6.915718704631128,82.60142423570652,0.0
1751441101791.3804,3,-7.460803508758545,0.0,-1.528778076171875,2.4199461936950684,12.200000000000001,7.615822437694277,180.0,-11.58006567358819
1751441101791.3804,4,0.0,0.0,0.0,0.0,14.8,0.0,0.0,0.0
1751441101853.9766,1,0.0,1.0308568477630615,-0.8238924145698547,0.0,11.600000000000001,1.3196456158248475,90.0,-38.63292069087943
1751441101853.9766,2,0.8905436396598816,6.85814094543457,0.0,-1.492160677909851,12.600000000000001,6.915718704631128,82.60142423570652,0.0
1751441101853.9766,3,-7.460803508758545,0.0,-1.528778076171875,1.3769336938858032,12.0,7.615822437694277,180.0,-11.58006567358819
1751441101853.9766,4,0.0,0.0,0.0,0.0,14.100000000000001,0.0,0.0,0.0
1751441101916.6062,1,0.0,1.0308568477630615,-0.8238924145698547,0.0,11.600000000000001,1.3196456158248475,90.0,-38.63292069087943
1751441101916.6062,2,0.8905436396598816,6.85814094543457,0.0,-1.2434672117233276,12.8,6.915718704631128,82.60142423570652,0.0
1751441101916.6062,3,-7.460803508758545,0.0,-1.528778076171875,2.4199461936950684,12.4,7.615822437694277,180.0,-11.58006567358819
1751441101916.6062,4,0.0,0.0,0.0,0.0,15.100000000000001,0.0,0.0,0.0
1751441101979.8867,1,0.0,1.0308568477630615,-0.8238924145698547,0.0,11.700000000000001,1.3196456158248475,90.0,-38.63292069087943
1751441101979.8867,2,0.8905436396598816,6.85814094543457,0.0,-1.2434672117233276,12.600000000000001,6.915718704631128,82.60142423570652,0.0
1751441101979.8867,3,-7.460803508758545,0.0,-1.528778076171875,1.3769336938858032,12.600000000000001,7.615822437694277,180.0,-11.58006567358819
1751441101979.8867,4,0.0,0.0,0.0,0.0,14.8,0.0,0.0,0.0
1751441102042.659,1,0.0,1.0308568477630615,-0.8238924145698547,0.0,11.5,1.3196456158248475,90.0,-38.63292069087943
1751441102042.659,2,0.8905436396598816,6.85814094543457,0.0,-1.2434672117233276,12.5,6.915718704631128,82.60142423570652,0.0
1751441102042.659,3,-7.460803508758545,0.0,-1.7835743427276611,2.2387874126434326,12.4,7.671031640681729,180.0,-13.444758841180576
1751441102042.659,4,0.0,0.0,0.0,0.0,14.700000000000001,0.0,0.0,0.0
1751441102105.296,1,0.0,1.0308568477630615,-0.8238924145698547,0.0,11.3,1.3196456158248475,90.0,-38.63292069087943
1751441102105.296,2,0.8905436396598816,6.85814094543457,0.0,-1.2434672117233276,12.5,6.915718704631128,82.60142423570652,0.0
1751441102105.296,3,-7.460803508758545,0.0,-1.7835743427276611,1.0256584882736206,12.0,7.671031640681729,180.0,-13.444758841180576
1751441102105.296,4,0.0,0.0,0.0,0.0,14.0,0.0,0.0,0.0
1751441102168.4397,1,0.0,1.0308568477630615,-0.8238924145698547,0.0,11.3,1.3196456158248475,90.0,-38.63292069087943
1751441102168.4397,2,0.8905436396598816,6.85814094543457,0.0,-1.2434672117233276,12.700000000000001,6.915718704631128,82.60142423570652,0.0
1751441102168.4397,3,-7.460803508758545,0.0,-1.7835743427276611,2.2387874126434326,11.8,7.671031640681729,180.0,-13.444758841180576
1751441102168.4397,4,0.0,0.0,0.0,0.0,13.3,0.0,0.0,0.0
1751441102232.0051,1,0.0,1.0308568477630615,-0.8238924145698547,0.0,11.600000000000001,1.3196456158248475,90.0,-38.63292069087943
1751441102232.0051,2,0.8905436396598816,6.85814094543457,0.0,-1.2434672117233276,12.3,6.915718704631128,82.60142423570652,0.0
1751441102232.0051,3,-7.460803508758545,0.0,-1.7835743427276611,2.2387874126434326,12.700000000000001,7.671031640681729,180.0,-13.444758841180576
1751441102232.0051,4,0.0,0.0,0.0,0.0,14.8,0.0,0.0,0.0
1751441102294.638,1,0.0,1.0308568477630615,-0.8238924145698547,0.0,11.600000000000001,1.3196456158248475,90.0,-38.63292069087943
1751441102294.638,2,0.8905436396598816,6.85814094543457,0.0,-1.2434672117233276,12.0,6.915718704631128,82.60142423570652,0.0
1751441102294.638,3,-7.460803508758545,0.0,-1.528778076171875,1.3769336938858032,11.600000000000001,7.615822437694277,180.0,-11.58006567358819
1751441102294.638,4,0.0,0.0,0.0,0.0,13.8,0.0,0.0,0.0
1751441102357.7961,1,0.0,1.0308568477630615,-0.8238924145698547,0.0,11.5,1.3196456158248475,90.0,-38.63292069087943
1751441102357.7961,2,0.8905436396598816,6.85814094543457,0.0,-1.2434672117233276,12.200000000000001,6.915718704631128,82.60142423570652,0.0
1751441102357.7961,3,-7.460803508758545,0.0,-1.528778076171875,2.4199461936950684,12.100000000000001,7.615822437694277,180.0,-11.58006567358819
1751441102357.7961,4,0.0,0.0,0.0,0.0,14.3,0.0,0.0,0.0
1751441102420.462,1,0.0,1.0308568477630615,-0.8238924145698547,0.0,11.5,1.3196456158248475,90.0,-38.63292069087943
1751441102420.462,2,0.8905436396598816,6.85814094543457,0.0,-1.2434672117233276,12.600000000000001,6.915718704631128,82.60142423570652,0.0
1751441102420.462,3,-7.460803508758545,0.0,-1.528778076171875,1.3769336938858032,12.4,7.615822437694277,180.0,-11.58006567358819
1751441102420.462,4,0.0,0.0,0.0,0.0,14.200000000000001,0.0,0.0,0.0
1751441102482.9639,1,0.0,1.0308568477630615,-0.8238924145698547,0.0,11.4,1.3196456158248475,90.0,-38.63292069087943
1751441102482.9639,2,0.8905436396598816,6.85814094543457,0.0,-1.492160677909851,12.5,6.915718704631128,82.60142423570652,0.0
1751441102482.9639,3,-7.460803508758545,0.0,-1.528778076171875,1.3769336938858032,12.3,7.615822437694277,180.0,-11.58006567358819
1751441102482.9639,4,0.0,0.0,0.0,0.0,14.0,0.0,0.0,0.0
1751441102546.122,1,0.0,1.0308568477630615,-0.8238924145698547,0.0,11.3,1.3196456158248475,90.0,-38.63292069087943
1751441102546.122,2,0.8905436396598816,6.85814094543457,0.0,-1.492160677909851,12.100000000000001,6.915718704631128,82.60142423570652,0.0
1751441102546.122,3,-7.460803508758545,0.0,-1.528778076171875,2.4199461936950684,12.700000000000001,7.615822437694277,180.0,-11.58006567358819
1751441102546.122,4,0.0,0.0,0.0,0.0,13.600000000000001,0.0,0.0,0.0
1751441102608.7698,1,0.0,1.0308568477630615,-0.8238924145698547,0.0,11.600000000000001,1.3196456158248475,90.0,-38.63292069087943
1751441102608.7698,2,0.8905436396598816,6.85814094543457,0.0,-1.2434672117233276,12.5,6.915718704631128,82.60142423570652,0.0
1751441102608.7698,3,-7.460803508758545,0.0,-1.528778076171875,1.3769336938858032,12.600000000000001,7.615822437694277,180.0,-11.58006567358819
1751441102608.7698,4,0.0,0.0,0.0,0.0,14.100000000000001,0.0,0.0,0.0
1751441102671.5398,1,0.0,1.0308568477630615,-0.8238924145698547,0.0,11.5,1.3196456158248475,90.0,-38.63292069087943
1751441102671.5398,2,0.8905436396598816,6.85814094543457,0.0,-1.492160677909851,12.200000000000001,6.915718704631128,82.60142423570652,0.0
1751441102671.5398,3,-7.460803508758545,0.0,-1.528778076171875,1.3769336938858032,12.200000000000001,7.615822437694277,180.0,-11.58006567358819
1751441102671.5398,4,0.0,0.0,0.0,0.0,13.8,0.0,0.0,0.0
1751441102734.3025,1,0.0,1.0308568477630615,-0.8238924145698547,0.0,11.4,1.3196456158248475,90.0,-38.63292069087943
1751441102734.3025,2,0.8905436396598816,6.85814094543457,0.0,-1.492160677909851,12.100000000000001,6.915718704631128,82.60142423570652,0.0
1751441102734.3025,3,-7.460803508758545,0.0,-1.7835743427276611,2.2387874126434326,12.9,7.671031640681729,180.0,-13.444758841180576
1751441102734.3025,4,0.0,0.0,0.0,0.0,14.4,0.0,0.0,0.0
1751441102796.9485,1,0.0,1.0308568477630615,-0.8238924145698547,0.0,11.4,1.3196456158248475,90.0,-38.63292069087943
1751441102796.9485,2,0.8905436396598816,6.85814094543457,0.0,-1.2434672117233276,12.0,6.915718704631128,82.60142423570652,0.0
1751441102796.9485,3,-7.460803508758545,0.0,-1.7835743427276611,2.2387874126434326,12.5,7.671031640681729,180.0,-13.444758841180576
1751441102796.9485,4,0.0,0.0,0.0,0.0,14.600000000000001,0.0,0.0,0.0
1751441102860.0803,1,0.0,1.0308568477630615,-0.8238924145698547,0.0,11.5,1.3196456158248475,90.0,-38.63292069087943
1751441102860.0803,2,0.8905436396598816,6.85814094543457,0.0,-1.2434672117233276,12.100000000000001,6.915718704631128,82.60142423570652,0.0
1751441102860.0803,3,-7.709496974945068,0.0,-1.528778076171875,1.3769336938858032,12.600000000000001,7.859612332225486,180.0,-11.216136862487362
1751441102860.0803,4,0.0,0.0,0.0,0.0,14.200000000000001,0.0,0.0,0.0
1751441102922.8516,1,0.0,1.0308568477630615,-0.8238924145698547,0.0,11.5,1.3196456158248475,90.0,-38.63292069087943
1751441102922.8516,2,0.8905436396598816,6.85814094543457,0.0,-1.492160677909851,12.4,6.915718704631128,82.60142423570652,0.0
1751441102922.8516,3,-7.460803508758545,0.0,-1.528778076171875,1.3769336938858032,12.5,7.615822437694277,180.0,-11.58006567358819
1751441102922.8516,4,0.0,0.0,0.0,0.0,14.100000000000001,0.0,0.0,0.0
1751441102985.6077,1,0.0,1.0308568477630615,-0.8238924145698547,0.0,11.700000000000001,1.3196456158248475,90.0,-38.63292069087943
1751441102985.6077,2,0.8905436396598816,6.85814094543457,0.0,-1.2434672117233276,13.100000000000001,6.915718704631128,82.60142423570652,0.0
1751441102985.6077,3,-7.460803508758545,0.0,-1.528778076171875,2.4199461936950684,12.100000000000001,7.615822437694277,180.0,-11.58006567358819
1751441102985.6077,4,0.0,0.0,0.0,0.0,13.600000000000001,0.0,0.0,0.0
1751441103048.7517,1,0.0,1.0308568477630615,-0.8238924145698547,0.0,11.600000000000001,1.3196456158248475,90.0,-38.63292069087943
1751441103048.7517,2,0.8905436396598816,6.85814094543457,0.0,-1.2434672117233276,13.0,6.915718704631128,82.60142423570652,0.0
1751441103048.7517,3,-7.709496974945068,0.0,-1.528778076171875,2.4199461936950684,13.5,7.859612332225486,180.0,-11.216136862487362
1751441103048.7517,4,0.0,0.0,0.0,0.0,13.8,0.0,0.0,0.0
1751441103111.3914,1,0.0,1.0308568477630615,-0.8238924145698547,0.0,11.600000000000001,1.3196456158248475,90.0,-38.63292069087943
1751441103111.3914,2,1.943855881690979,6.636910915374756,0.0,-1.2434672117233276,12.200000000000001,6.915718486708752,73.67545014383593,0.0
1751441103111.3914,3,-7.709496974945068,0.0,-1.528778076171875,1.3769336938858032,11.9,7.859612332225486,180.0,-11.216136862487362
1751441103111.3914,4,0.0,0.0,0.0,0.0,13.600000000000001,0.0,0.0,0.0
1751441103174.0842,1,0.0,1.0308568477630615,-0.8238924145698547,0.0,11.700000000000001,1.3196456158248475,90.0,-38.63292069087943
1751441103174.0842,2,0.8905436396598816,6.85814094543457,0.0,-1.2434672117233276,12.3,6.915718704631128,82.60142423570652,0.0
1751441103174.0842,3,-7.709496974945068,0.0,-1.7835743427276611,2.2387874126434326,12.4,7.9131208156279005,180.0,-13.0260804771605
1751441103174.0842,4,0.0,0.0,0.0,0.0,13.4,0.0,0.0,0.0
1751441103237.2117,1,0.0,1.0308568477630615,-0.8238924145698547,0.0,11.600000000000001,1.3196456158248475,90.0,-38.63292069087943
1751441103237.2117,2,0.8905436396598816,6.85814094543457,0.0,-1.2434672117233276,12.200000000000001,6.915718704631128,82.60142423570652,0.0
1751441103237.2117,3,-7.460803508758545,0.0,-1.528778076171875,1.3769336938858032,12.4,7.615822437694277,180.0,-11.58006567358819
1751441103237.2117,4,0.0,0.0,0.0,0.0,13.8,0.0,0.0,0.0
1751441103299.844,1,0.0,1.0308568477630615,-0.8238924145698547,0.0,11.8,1.3196456158248475,90.0,-38.63292069087943
1751441103299.844,2,0.8905436396598816,6.85814094543457,0.0,-1.492160677909851,12.5,6.915718704631128,82.60142423570652,0.0
1751441103299.844,3,-7.460803508758545,0.0,-1.528778076171875,1.3769336938858032,12.200000000000001,7.615822437694277,180.0,-11.58006567358819
1751441103299.844,4,0.0,0.0,0.0,0.0,13.3,0.0,0.0,0.0
1751441103362.9785,1,0.0,1.0308568477630615,-0.8238924145698547,0.0,11.600000000000001,1.3196456158248475,90.0,-38.63292069087943
1751441103362.9785,2,0.8905436396598816,6.85814094543457,0.0,-1.2434672117233276,12.3,6.915718704631128,82.60142423570652,0.0
1751441103362.9785,3,-7.709496974945068,0.0,-1.528778076171875,1.3769336938858032,12.0,7.859612332225486,180.0,-11.216136862487362
1751441103362.9785,4,0.0,0.0,0.0,0.0,13.200000000000001,0.0,0.0,0.0
1751441103425.7473,1,0.0,1.0308568477630615,-0.8238924145698547,0.0,11.8,1.3196456158248475,90.0,-38.63292069087943
1751441103425.7473,2,0.8905436396598816,6.85814094543457,0.0,-1.2434672117233276,12.3,6.915718704631128,82.60142423570652,0.0
1751441103425.7473,3,-7.709496974945068,0.0,-1.528778076171875,1.3769336938858032,12.700000000000001,7.859612332225486,180.0,-11.216136862487362
1751441103425.7473,4,0.0,0.0,0.0,0.0,14.5,0.0,0.0,0.0
1751441103488.2483,1,0.0,1.0308568477630615,-0.8238924145698547,0.0,11.9,1.3196456158248475,90.0,-38.63292069087943
1751441103488.2483,2,0.8905436396598816,6.85814094543457,0.0,-1.492160677909851,11.600000000000001,6.915718704631128,82.60142423570652,0.0
1751441103488.2483,3,-7.460803508758545,0.0,-1.528778076171875,1.3769336938858032,11.8,7.615822437694277,180.0,-11.58006567358819
1751441103488.2483,4,0.0,0.0,0.0,0.0,13.700000000000001,0.0,0.0,0.0
1751441103550.3887,1,0.0,1.0308568477630615,-0.8238924145698547,0.0,11.9,1.3196456158248475,90.0,-38.63292069087943
1751441103550.3887,2,0.8905436396598816,6.85814094543457,0.0,-1.2434672117233276,11.700000000000001,6.915718704631128,82.60142423570652,0.0
1751441103550.3887,3,-7.460803508758545,0.0,-1.528778076171875,1.3769336938858032,12.0,7.615822437694277,180.0,-11.58006567358819
1751441103550.3887,4,0.0,0.0,0.0,0.0,14.5,0.0,0.0,0.0
1751441103613.0261,1,0.0,1.0308568477630615,-0.8238924145698547,0.0,11.8,1.3196456158248475,90.0,-38.63292069087943
1751441103613.0261,2,0.8905436396598816,6.85814094543457,0.0,-1.2434672117233276,12.100000000000001,6.915718704631128,82.60142423570652,0.0
1751441103613.0261,3,-7.709496974945068,0.0,-1.528778076171875,1.3769336938858032,12.200000000000001,7.859612332225486,180.0,-11.216136862487362
1751441103613.0261,4,0.0,0.0,0.0,0.0,13.8,0.0,0.0,0.0
1751441103675.6584,1,0.0,1.0308568477630615,-0.8238924145698547,0.0,11.700000000000001,1.3196456158248475,90.0,-38.63292069087943
1751441103675.6584,2,0.8905436396598816,6.85814094543457,0.0,-1.2434672117233276,12.3,6.915718704631128,82.60142423570652,0.0
1751441103675.6584,3,-7.460803508758545,0.0,-1.7835743427276611,2.2387874126434326,12.200000000000001,7.671031640681729,180.0,-13.444758841180576
1751441103675.6584,4,0.0,0.0,0.0,0.0,13.5,0.0,0.0,0.0
1751441103738.8918,1,0.0,1.0308568477630615,-0.8238924145698547,0.0,11.5,1.3196456158248475,90.0,-38.63292069087943
1751441103738.8918,2,1.195543885231018,6.85814094543457,0.0,-1.2434672117233276,11.700000000000001,6.9615675252747105,80.11129667065943,0.0
1751441103738.8918,3,-7.460803508758545,0.0,-1.528778076171875,1.3769336938858032,12.200000000000001,7.615822437694277,180.0,-11.58006567358819
1751441103738.8918,4,0.0,0.0,0.0,0.0,14.100000000000001,0.0,0.0,0.0
1751441103801.5337,1,0.0,1.0308568477630615,-0.8238924145698547,0.0,12.100000000000001,1.3196456158248475,90.0,-38.63292069087943
1751441103801.5337,2,0.8905436396598816,6.85814094543457,0.0,-1.2434672117233276,12.0,6.915718704631128,82.60142423570652,0.0
1751441103801.5337,3,-7.460803508758545,0.0,-1.7835743427276611,2.2387874126434326,11.8,7.671031640681729,180.0,-13.444758841180576
1751441103801.5337,4,0.0,0.0,0.0,0.0,13.9,0.0,0.0,0.0
1751441103864.5579,1,0.0,1.0308568477630615,-0.8238924145698547,0.0,11.8,1.3196456158248475,90.0,-38.63292069087943
1751441103864.5579,2,0.8905436396598816,6.85814094543457,0.0,-1.2434672117233276,12.200000000000001,6.915718704631128,82.60142423570652,0.0
1751441103864.5579,3,-7.460803508758545,0.0,-1.528778076171875,1.3769336938858032,13.100000000000001,7.615822437694277,180.0,-11.58006567358819
1751441103864.5579,4,0.0,0.0,0.0,0.0,15.200000000000001,0.0,0.0,0.0
1751441103927.7935,1,0.0,1.0308568477630615,-0.8238924145698547,0.0,11.600000000000001,1.3196456158248475,90.0,-38.63292069087943
1751441103927.7935,2,2.1011505126953125,6.636910915374756,0.0,-1.2434672117233276,12.5,6.961567350505226,72.43296208580024,0.0
1751441103927.7935,3,-7.709496974945068,0.0,-1.7835743427276611,2.2387874126434326,12.600000000000001,7.9131208156279005,180.0,-13.0260804771605
1751441103927.7935,4,0.0,0.0,0.0,0.0,14.600000000000001,0.0,0.0,0.0
1751441103990.921,1,0.0,1.0308568477630615,-0.8238924145698547,0.0,11.600000000000001,1.3196456158248475,90.0,-38.63292069087943
1751441103990.921,2,0.8905436396598816,6.85814094543457,0.0,-1.492160677909851,12.5,6.915718704631128,82.60142423570652,0.0
1751441103990.921,3,-7.460803508758545,0.0,-1.528778076171875,1.3769336938858032,12.600000000000001,7.615822437694277,180.0,-11.58006567358819
1751441103990.921,4,0.0,0.0,0.0,0.0,14.9,0.0,0.0,0.0
1751441104053.691,1,0.0,1.0308568477630615,-0.8238924145698547,0.0,11.8,1.3196456158248475,90.0,-38.63292069087943
1751441104053.691,2,0.8905436396598816,6.85814094543457,0.0,-1.492160677909851,12.5,6.915718704631128,82.60142423570652,0.0
1751441104053.691,3,-7.460803508758545,0.0,-1.528778076171875,2.4199461936950684,12.5,7.615822437694277,180.0,-11.58006567358819
1751441104053.691,4,0.0,0.0,0.0,0.0,14.5,0.0,0.0,0.0
1751441104116.3289,1,0.041194621473550797,1.0300334692001343,-0.8238924145698547,0.0,11.600000000000001,1.3196456552031528,87.70976301117093,-38.63291932442718
1751441104116.3289,2,0.8905436396598816,6.85814094543457,0.0,-1.492160677909851,12.5,6.915718704631128,82.60142423570652,0.0
1751441104116.3289,3,-7.460803508758545,0.0,-1.7835743427276611,2.2387874126434326,12.5,7.671031640681729,180.0,-13.444758841180576
1751441104116.3289,4,0.0,0.0,0.0,0.0,14.9,0.0,0.0,0.0
1751441104179.481,1,0.0,1.0308568477630615,-0.8238924145698547,0.0,11.600000000000001,1.3196456158248475,90.0,-38.63292069087943
1751441104179.481,2,0.8905436396598816,6.85814094543457,0.0,-1.492160677909851,12.4,6.915718704631128,82.60142423570652,0.0
1751441104179.481,3,-7.460803508758545,0.0,-1.528778076171875,1.3769336938858032,12.5,7.615822437694277,180.0,-11.58006567358819
1751441104179.481,4,0.0,0.0,0.0,0.0,14.700000000000001,0.0,0.0,0.0
1751441104243.0146,1,0.0,1.0308568477630615,-0.8238924145698547,0.0,11.600000000000001,1.3196456158248475,90.0,-38.63292069087943
1751441104243.0146,2,0.8905436396598816,6.85814094543457,0.0,-1.2434672117233276,12.200000000000001,6.915718704631128,82.60142423570652,0.0
1751441104243.0146,3,-7.460803508758545,0.0,-1.7835743427276611,2.2387874126434326,13.0,7.671031640681729,180.0,-13.444758841180576
1751441104243.0146,4,0.0,0.0,0.0,0.0,14.5,0.0,0.0,0.0
1751441104305.9263,1,0.0,1.0308568477630615,-0.8238924145698547,0.0,11.4,1.3196456158248475,90.0,-38.63292069087943
1751441104305.9263,2,0.8905436396598816,6.85814094543457,0.0,-1.492160677909851,12.8,6.915718704631128,82.60142423570652,0.0
1751441104305.9263,3,-7.460803508758545,0.0,-1.528778076171875,1.3769336938858032,13.0,7.615822437694277,180.0,-11.58006567358819
1751441104305.9263,4,0.0,0.0,0.0,0.0,15.8,0.0,0.0,0.0
1751441104368.5586,1,0.0,1.0308568477630615,-0.8238924145698547,0.0,11.600000000000001,1.3196456158248475,90.0,-38.63292069087943
1751441104368.5586,2,0.8905436396598816,6.85814094543457,0.0,-1.2434672117233276,12.600000000000001,6.915718704631128,82.60142423570652,0.0
1751441104368.5586,3,-7.460803508758545,0.0,-1.7835743427276611,2.2387874126434326,12.9,7.671031640681729,180.0,-13.444758841180576
1751441104368.5586,4,0.0,0.0,0.0,0.0,15.100000000000001,0.0,0.0,0.0
1751441104431.333,1,0.0,1.0308568477630615,-0.8238924145698547,0.0,11.600000000000001,1.3196456158248475,90.0,-38.63292069087943
1751441104431.333,2,0.8905436396598816,6.85814094543457,0.0,-1.2434672117233276,12.700000000000001,6.915718704631128,82.60142423570652,0.0
1751441104431.333,3,-7.460803508758545,0.0,-1.528778076171875,1.3769336938858032,12.5,7.615822437694277,180.0,-11.58006567358819
1751441104431.333,4,0.0,0.0,0.0,0.0,14.3,0.0,0.0,0.0
1751441104493.8337,1,0.0,1.0308568477630615,-0.8238924145698547,0.0,11.700000000000001,1.3196456158248475,90.0,-38.63292069087943
1751441104493.8337,2,0.8905436396598816,6.85814094543457,0.0,-1.2434672117233276,12.0,6.915718704631128,82.60142423570652,0.0
1751441104493.8337,3,-7.460803508758545,0.0,-1.7835743427276611,2.2387874126434326,12.3,7.671031640681729,180.0,-13.444758841180576
1751441104493.8337,4,0.0,0.0,0.0,0.0,14.600000000000001,0.0,0.0,0.0
1751441104556.6067,1,0.0,1.0308568477630615,-0.8238924145698547,0.0,11.700000000000001,1.3196456158248475,90.0,-38.63292069087943
1751441104556.6067,2,0.8905436396598816,6.85814094543457,0.0,-1.2434672117233276,12.0,6.915718704631128,82.60142423570652,0.0
1751441104556.6067,3,-7.709496974945068,0.0,-1.528778076171875,1.3769336938858032,12.0,7.859612332225486,180.0,-11.216136862487362
1751441104556.6067,4,0.0,0.0,0.0,0.0,14.200000000000001,0.0,0.0,0.0
1751441104619.2542,1,0.0,1.0308568477630615,-0.8238924145698547,0.0,11.600000000000001,1.3196456158248475,90.0,-38.63292069087943
1751441104619.2542,2,0.8905436396598816,6.85814094543457,0.0,-1.2434672117233276,12.200000000000001,6.915718704631128,82.60142423570652,0.0
1751441104619.2542,3,-7.460803508758545,0.0,-1.7835743427276611,2.2387874126434326,12.4,7.671031640681729,180.0,-13.444758841180576
1751441104619.2542,4,0.0,0.0,0.0,0.0,14.9,0.0,0.0,0.0
1751441104682.0344,1,0.0,1.0308568477630615,-0.8238924145698547,0.0,11.4,1.3196456158248475,90.0,-38.63292069087943
1751441104682.0344,2,0.8905436396598816,6.85814094543457,0.0,-1.2434672117233276,12.100000000000001,6.915718704631128,82.60142423570652,0.0
1751441104682.0344,3,-7.460803508758545,0.0,-1.7835743427276611,2.2387874126434326,12.200000000000001,7.671031640681729,180.0,-13.444758841180576
1751441104682.0344,4,0.0,0.0,0.0,0.0,14.5,0.0,0.0,0.0
1751441104744.7883,1,0.0,1.0308568477630615,-0.8238924145698547,0.0,11.5,1.3196456158248475,90.0,-38.63292069087943
1751441104744.7883,2,0.8905436396598816,6.85814094543457,0.0,-1.2434672117233276,11.700000000000001,6.915718704631128,82.60142423570652,0.0
1751441104744.7883,3,-7.460803508758545,0.0,-1.528778076171875,1.3769336938858032,12.5,7.615822437694277,180.0,-11.58006567358819
1751441104744.7883,4,0.0,0.0,0.0,0.0,15.0,0.0,0.0,0.0
1751441104807.4436,1,0.0,1.0308568477630615,-0.8238924145698547,0.0,11.600000000000001,1.3196456158248475,90.0,-38.63292069087943
1751441104807.4436,2,0.8905436396598816,6.85814094543457,0.0,-1.2434672117233276,11.8,6.915718704631128,82.60142423570652,0.0
1751441104807.4436,3,-7.460803508758545,0.0,-1.7835743427276611,2.2387874126434326,11.8,7.671031640681729,180.0,-13.444758841180576
1751441104807.4436,4,0.0,0.0,0.0,0.0,14.200000000000001,0.0,0.0,0.0
1751441104870.0776,1,0.0,1.0308568477630615,-0.8238924145698547,0.0,11.600000000000001,1.3196456158248475,90.0,-38.63292069087943
1751441104870.0776,2,0.8905436396598816,6.85814094543457,0.0,-1.492160677909851,11.8,6.915718704631128,82.60142423570652,0.0
1751441104870.0776,3,-7.460803508758545,0.0,-1.528778076171875,1.3769336938858032,12.0,7.615822437694277,180.0,-11.58006567358819
1751441104870.0776,4,0.0,0.0,0.0,0.0,14.200000000000001,0.0,0.0,0.0
1751441104932.7214,1,0.0,1.0308568477630615,-0.8238924145698547,0.0,11.5,1.3196456158248475,90.0,-38.63292069087943
1751441104932.7214,2,0.8905436396598816,6.85814094543457,0.0,-1.2434672117233276,11.700000000000001,6.915718704631128,82.60142423570652,0.0
1751441104932.7214,3,-7.460803508758545,0.0,-1.7835743427276611,2.2387874126434326,11.9,7.671031640681729,180.0,-13.444758841180576
1751441104932.7214,4,0.0,0.0,0.0,0.0,14.700000000000001,0.0,0.0,0.0
1751441104980.2488,1,0.0,1.0308568477630615,-0.8238924145698547,0.0,11.5,1.3196456158248475,90.0,-38.63292069087943
1751441104980.2488,2,0.8905436396598816,6.85814094543457,0.0,-1.2434672117233276,12.100000000000001,6.915718704631128,82.60142423570652,0.0
1751441104980.2488,3,-7.460803508758545,0.0,-1.528778076171875,1.3769336938858032,12.100000000000001,7.615822437694277,180.0,-11.58006567358819
1751441104980.2488,4,0.0,0.0,0.0,0.0,14.9,0.0,0.0,0.0
1751441105043.0195,1,0.0,1.0308568477630615,-0.8238924145698547,0.0,11.600000000000001,1.3196456158248475,90.0,-38.63292069087943
1751441105043.0195,2,0.8905436396598816,6.85814094543457,0.0,-1.2434672117233276,12.200000000000001,6.915718704631128,82.60142423570652,0.0
1751441105043.0195,3,-7.460803508758545,0.0,-1.7835743427276611,2.2387874126434326,13.0,7.671031640681729,180.0,-13.444758841180576
1751441105043.0195,4,0.0,0.0,0.0,0.0,15.4,0.0,0.0,0.0
1751441105105.0059,1,0.0,1.0308568477630615,-0.8238924145698547,0.0,11.5,1.3196456158248475,90.0,-38.63292069087943
1751441105105.0059,2,0.8905436396598816,6.85814094543457,0.0,-1.2434672117233276,12.0,6.915718704631128,82.60142423570652,0.0
1751441105105.0059,3,-7.460803508758545,0.0,-1.528778076171875,1.3769336938858032,12.4,7.615822437694277,180.0,-11.58006567358819
1751441105105.0059,4,0.0,0.0,0.0,0.0,14.600000000000001,0.0,0.0,0.0
1751441105168.3115,1,0.0,1.0308568477630615,-0.8238924145698547,0.0,11.4,1.3196456158248475,90.0,-38.63292069087943
1751441105168.3115,2,0.8905436396598816,6.85814094543457,0.0,-1.2434672117233276,12.100000000000001,6.915718704631128,82.60142423570652,0.0
1751441105168.3115,3,-7.460803508758545,0.0,-1.7835743427276611,1.0256584882736206,12.100000000000001,7.671031640681729,180.0,-13.444758841180576
1751441105168.3115,4,0.0,0.0,0.0,0.0,14.100000000000001,0.0,0.0,0.0
1751441105231.0942,1,0.0,1.0308568477630615,-0.8238924145698547,0.0,11.4,1.3196456158248475,90.0,-38.63292069087943
1751441105231.0942,2,0.8905436396598816,6.85814094543457,0.0,-1.2434672117233276,12.200000000000001,6.915718704631128,82.60142423570652,0.0
1751441105231.0942,3,-7.460803508758545,0.0,-1.528778076171875,1.3769336938858032,12.4,7.615822437694277,180.0,-11.58006567358819
1751441105231.0942,4,0.0,0.0,0.0,0.0,15.200000000000001,0.0,0.0,0.0
1751441105293.7302,1,0.0,1.0308568477630615,-0.8238924145698547,0.0,11.600000000000001,1.3196456158248475,90.0,-38.63292069087943
1751441105293.7302,2,0.8905436396598816,6.85814094543457,0.0,-1.2434672117233276,11.8,6.915718704631128,82.60142423570652,0.0
1751441105293.7302,3,-7.460803508758545,0.0,-1.7835743427276611,2.2387874126434326,13.100000000000001,7.671031640681729,180.0,-13.444758841180576
1751441105293.7302,4,0.0,0.0,0.0,0.0,14.9,0.0,0.0,0.0
1751441105356.361,1,0.0,1.0308568477630615,-0.8238924145698547,0.0,11.600000000000001,1.3196456158248475,90.0,-38.63292069087943
1751441105356.361,2,0.8905436396598816,6.85814094543457,0.0,-1.2434672117233276,12.3,6.915718704631128,82.60142423570652,0.0
1751441105356.361,3,-7.460803508758545,0.0,-1.528778076171875,1.3769336938858032,13.0,7.615822437694277,180.0,-11.58006567358819
1751441105356.361,4,0.0,0.0,0.0,0.0,15.200000000000001,0.0,0.0,0.0
1751441105419.1262,1,0.0,1.0308568477630615,-0.8238924145698547,0.0,11.5,1.3196456158248475,90.0,-38.63292069087943
1751441105419.1262,2,0.8905436396598816,6.85814094543457,0.0,-1.2434672117233276,12.0,6.915718704631128,82.60142423570652,0.0
1751441105419.1262,3,-7.460803508758545,0.0,-1.7835743427276611,2.2387874126434326,12.200000000000001,7.671031640681729,180.0,-13.444758841180576
1751441105419.1262,4,0.0,0.0,0.0,0.0,15.0,0.0,0.0,0.0
1751441105481.7607,1,0.0,1.0308568477630615,-0.8238924145698547,0.0,11.600000000000001,1.3196456158248475,90.0,-38.63292069087943
1751441105481.7607,2,0.8905436396598816,6.85814094543457,0.0,-1.2434672117233276,11.5,6.915718704631128,82.60142423570652,0.0
1751441105481.7607,3,-7.460803508758545,0.0,-1.7835743427276611,2.2387874126434326,12.700000000000001,7.671031640681729,180.0,-13.444758841180576
1751441105481.7607,4,0.0,0.0,0.0,0.0,14.600000000000001,0.0,0.0,0.0
1751441105544.5054,1,-0.041194621473550797,1.0300334692001343,-0.8238924145698547,0.0,12.3,1.3196456552031528,92.29023698882905,-38.63291932442718
1751441105544.5054,2,0.8905436396598816,6.85814094543457,0.0,-1.2434672117233276,12.0,6.915718704631128,82.60142423570652,0.0
1751441105544.5054,3,-7.460803508758545,0.0,-1.528778076171875,1.3769336938858032,12.4,7.615822437694277,180.0,-11.58006567358819
1751441105544.5054,4,0.0,0.0,0.0,0.0,14.5,0.0,0.0,0.0
1751441105607.427,1,0.0,1.0308568477630615,-0.8238924145698547,0.0,12.3,1.3196456158248475,90.0,-38.63292069087943
1751441105607.427,2,1.943855881690979,6.636910915374756,0.0,-1.2434672117233276,11.8,6.915718486708752,73.67545014383593,0.0
1751441105607.427,3,-7.460803508758545,0.0,-1.7835743427276611,2.2387874126434326,12.200000000000001,7.671031640681729,180.0,-13.444758841180576
1751441105607.427,4,0.0,0.0,0.0,0.0,15.3,0.0,0.0,0.0
1751441105669.9365,1,0.0,1.0308568477630615,-0.8238924145698547,0.0,12.0,1.3196456158248475,90.0,-38.63292069087943
1751441105669.9365,2,2.1011505126953125,6.636910915374756,0.0,-1.492160677909851,12.9,6.961567350505226,72.43296208580024,0.0
1751441105669.9365,3,-7.460803508758545,0.0,-1.528778076171875,1.3769336938858032,12.5,7.615822437694277,180.0,-11.58006567358819
1751441105669.9365,4,0.0,0.0,0.0,0.0,14.4,0.0,0.0,0.0
1751441105732.7605,1,-0.041194621473550797,1.0300334692001343,-0.8238924145698547,0.0,11.8,1.3196456552031528,92.29023698882905,-38.63291932442718
1751441105732.7605,2,2.1011505126953125,6.636910915374756,0.0,-1.2434672117233276,12.100000000000001,6.961567350505226,72.43296208580024,0.0
1751441105732.7605,3,-7.460803508758545,0.0,-1.528778076171875,1.3769336938858032,13.8,7.615822437694277,180.0,-11.58006567358819
1751441105732.7605,4,0.0,0.0,0.0,0.0,15.3,0.0,0.0,0.0
1751441105795.5469,1,-0.08849214762449265,0.031149324029684067,0.027463078498840332,0.0,11.600000000000001,0.09775152816879498,160.60788075556482,16.316781556413364
1751441105795.5469,2,1.0300334692001343,-0.8238924145698547,0.0,-1.5486124753952026,12.200000000000001,1.3190025240530092,-38.65525074407445,0.0
1751441105795.5469,3,6.636910915374756,0.0,-1.2434672117233276,2.501859426498413,13.0,6.752391961760778,0.0,-10.6117024515401
1751441105795.5469,4,0.0,-1.528778076171875,1.3769336938858032,-7.89868688583374,13.100000000000001,2.057452017312137,-90.0,42.00860357730278
1751441105795.5469,5,0.0,0.0,0.0,0.0,14.8,0.0,0.0,0.0
1751441105906.0112,1,-0.041194621473550797,1.0616741180419922,-0.7826977968215942,0.0,12.4,1.3196456990071117,92.22205144037663,-36.37816279981009
1751441105906.0112,2,1.943855881690979,6.636910915374756,0.0,-1.2434672117233276,13.200000000000001,6.915718486708752,73.67545014383593,0.0
1751441105906.0112,3,-7.460803508758545,0.0,-1.7835743427276611,1.0256584882736206,12.3,7.671031640681729,180.0,-13.444758841180576
1751441105906.0112,4,0.0,0.0,0.0,0.0,15.700000000000001,0.0,0.0,0.0
1751441105921.6477,1,0.0,1.0308568477630615,-0.8238924145698547,0.0,11.5,1.3196456158248475,90.0,-38.63292069087943
1751441105921.6477,2,1.943855881690979,6.636910915374756,0.0,-1.2434672117233276,12.5,6.915718486708752,73.67545014383593,0.0
1751441105921.6477,3,-7.460803508758545,0.0,-1.528778076171875,1.3769336938858032,12.4,7.615822437694277,180.0,-11.58006567358819
1751441105921.6477,4,0.0,0.0,0.0,0.0,15.9,0.0,0.0,0.0
1751441105984.9915,1,0.0,1.0308568477630615,-0.8238924145698547,0.0,11.600000000000001,1.3196456158248475,90.0,-38.63292069087943
1751441105984.9915,2,1.943855881690979,6.636910915374756,0.0,-1.492160677909851,11.600000000000001,6.915718486708752,73.67545014383593,0.0
1751441105984.9915,3,-7.460803508758545,0.0,-1.7835743427276611,2.2387874126434326,12.0,7.671031640681729,180.0,-13.444758841180576
1751441105984.9915,4,0.0,0.0,0.0,0.0,14.5,0.0,0.0,0.0
1751441106047.5427,1,0.0,1.0308568477630615,-0.8238924145698547,0.0,11.9,1.3196456158248475,90.0,-38.63292069087943
1751441106047.5427,2,1.943855881690979,6.636910915374756,0.0,-1.492160677909851,12.600000000000001,6.915718486708752,73.67545014383593,0.0
1751441106047.5427,3,-7.460803508758545,0.0,-1.7835743427276611,2.2387874126434326,12.8,7.671031640681729,180.0,-13.444758841180576
1751441106047.5427,4,0.0,0.0,0.0,0.0,15.5,0.0,0.0,0.0
1751441106110.5874,1,-0.041194621473550797,1.0616741180419922,-0.7826977968215942,0.0,12.0,1.3196456990071117,92.22205144037663,-36.37816279981009
1751441106110.5874,2,1.943855881690979,6.636910915374756,0.0,-1.2434672117233276,12.200000000000001,6.915718486708752,73.67545014383593,0.0
1751441106110.5874,3,-7.460803508758545,0.0,-1.7835743427276611,2.2387874126434326,12.3,7.671031640681729,180.0,-13.444758841180576
1751441106110.5874,4,0.0,0.0,0.0,0.0,16.2,0.0,0.0,0.0
1751441106173.838,1,-0.041194621473550797,1.0616741180419922,-0.7826977968215942,0.0,12.4,1.3196456990071117,92.22205144037663,-36.37816279981009
1751441106173.838,2,1.943855881690979,6.636910915374756,0.0,-1.2434672117233276,12.700000000000001,6.915718486708752,73.67545014383593,0.0
1751441106173.838,3,-7.460803508758545,0.0,-1.528778076171875,2.4199461936950684,12.700000000000001,7.615822437694277,180.0,-11.58006567358819
1751441106173.838,4,0.0,0.0,0.0,0.0,15.9,0.0,0.0,0.0
1751441106236.6272,1,-0.3570200502872467,0.29298901557922363,-0.4363577961921692,0.0,11.700000000000001,0.6353849273116867,140.6259366861551,-43.3742834986358
1751441106236.6272,2,1.0308568477630615,-0.8238924145698547,0.0,-1.5486124753952026,12.0,1.3196456158248475,-38.63292069087943,0.0
1751441106236.6272,3,6.85814094543457,0.0,-1.2434672117233276,2.501859426498413,13.4,6.969957527422758,0.0,-10.27680199007774
1751441106236.6272,4,0.0,-1.528778076171875,2.4199461936950684,-7.643890380859375,12.4,2.8623944498554055,-90.0,57.71773832167948
1751441106236.6272,5,0.0,0.0,0.0,0.0,14.700000000000001,0.0,0.0,0.0
1751441106299.1372,1,0.0,1.0308568477630615,-0.8238924145698547,0.0,12.100000000000001,1.3196456158248475,90.0,-38.63292069087943
1751441106299.1372,2,2.1011505126953125,6.636910915374756,0.0,-1.2434672117233276,13.600000000000001,6.961567350505226,72.43296208580024,0.0
1751441106299.1372,3,-7.460803508758545,0.0,-1.528778076171875,2.4199461936950684,13.3,7.615822437694277,180.0,-11.58006567358819
1751441106299.1372,4,0.0,0.0,0.0,0.0,14.9,0.0,0.0,0.0
1751441106362.1904,1,-0.041194621473550797,1.0616741180419922,-0.7826977968215942,0.0,12.3,1.3196456990071117,92.22205144037663,-36.37816279981009
1751441106362.1904,2,0.8905436396598816,6.85814094543457,0.0,-1.2434672117233276,13.200000000000001,6.915718704631128,82.60142423570652,0.0
1751441106362.1904,3,-7.460803508758545,0.0,-1.528778076171875,2.4199461936950684,12.600000000000001,7.615822437694277,180.0,-11.58006567358819
1751441106362.1904,4,0.0,0.0,0.0,0.0,15.3,0.0,0.0,0.0
1751441106425.0857,1,0.0,1.0308568477630615,-0.8238924145698547,0.0,12.200000000000001,1.3196456158248475,90.0,-38.63292069087943
1751441106425.0857,2,1.0616741180419922,-0.7826977968215942,0.0,-1.3273820877075195,12.200000000000001,1.3190025678783266,-36.398745872168895,0.0
1751441106425.0857,3,6.636910915374756,0.0,-1.2434672117233276,2.501859426498413,13.3,6.752391961760778,0.0,-10.6117024515401
1751441106425.0857,4,0.0,-1.528778076171875,2.4199461936950684,-7.643890380859375,13.8,2.8623944498554055,-90.0,57.71773832167948
1751441106425.0857,5,0.0,0.0,0.0,0.0,16.2,0.0,0.0,0.0
1751441106487.6292,1,-0.041194621473550797,1.0616741180419922,-0.7826977968215942,0.0,12.3,1.3196456990071117,92.22205144037663,-36.37816279981009
1751441106487.6292,2,1.943855881690979,6.636910915374756,0.0,-1.2434672117233276,12.9,6.915718486708752,73.67545014383593,0.0
1751441106487.6292,3,-7.460803508758545,0.0,-1.528778076171875,2.4199461936950684,13.3,7.615822437694277,180.0,-11.58006567358819
1751441106487.6292,4,0.0,0.0,0.0,0.0,16.5,0.0,0.0,0.0
1751441106550.4915,1,0.0,1.0308568477630615,-0.8238924145698547,0.0,12.0,1.3196456158248475,90.0,-38.63292069087943
1751441106550.4915,2,1.943855881690979,6.636910915374756,0.0,-1.2434672117233276,12.4,6.915718486708752,73.67545014383593,0.0
1751441106550.4915,3,-7.709496974945068,0.0,-1.528778076171875,2.4199461936950684,12.600000000000001,7.859612332225486,180.0,-11.216136862487362
1751441106550.4915,4,0.0,0.0,0.0,0.0,15.100000000000001,0.0,0.0,0.0
1751441106613.2573,1,0.0,1.0308568477630615,-0.8238924145698547,0.0,11.8,1.3196456158248475,90.0,-38.63292069087943
1751441106613.2573,2,1.943855881690979,6.636910915374756,0.0,-1.2434672117233276,12.9,6.915718486708752,73.67545014383593,0.0
1751441106613.2573,3,-7.460803508758545,0.0,-1.528778076171875,1.3769336938858032,13.0,7.615822437694277,180.0,-11.58006567358819
1751441106613.2573,4,0.0,0.0,0.0,0.0,14.9,0.0,0.0,0.0
1751441106676.0305,1,0.0,1.0308568477630615,-0.8238924145698547,0.0,12.200000000000001,1.3196456158248475,90.0,-38.63292069087943
1751441106676.0305,2,1.943855881690979,6.636910915374756,0.0,-0.994773805141449,12.700000000000001,6.915718486708752,73.67545014383593,0.0
1751441106676.0305,3,-7.709496974945068,0.0,-1.528778076171875,2.4199461936950684,13.4,7.859612332225486,180.0,-11.216136862487362
1751441106676.0305,4,0.0,0.0,0.0,0.0,15.600000000000001,0.0,0.0,0.0
1751441106738.5566,1,0.0,1.0308568477630615,-0.8238924145698547,0.0,11.8,1.3196456158248475,90.0,-38.63292069087943
1751441106738.5566,2,1.943855881690979,6.636910915374756,0.0,-1.2434672117233276,12.8,6.915718486708752,73.67545014383593,0.0
1751441106738.5566,3,-7.460803508758545,0.0,-1.528778076171875,2.4199461936950684,13.600000000000001,7.615822437694277,180.0,-11.58006567358819
1751441106738.5566,4,0.0,0.0,0.0,0.0,15.8,0.0,0.0,0.0
1751441106801.812,1,0.0,1.0308568477630615,-0.8238924145698547,0.0,11.600000000000001,1.3196456158248475,90.0,-38.63292069087943
1751441106801.812,2,2.1011505126953125,6.636910915374756,0.0,-1.2434672117233276,12.8,6.961567350505226,72.43296208580024,0.0
1751441106801.812,3,-7.460803508758545,0.0,-1.528778076171875,2.4199461936950684,11.700000000000001,7.615822437694277,180.0,-11.58006567358819
1751441106801.812,4,0.0,0.0,0.0,0.0,14.4,0.0,0.0,0.0
1751441106864.839,1,-0.27768224477767944,0.3690507411956787,-0.4363577961921692,0.0,11.600000000000001,0.6353849265913833,126.95864198217771,-43.37428356000387
1751441106864.839,2,1.0616741180419922,-0.7826977968215942,0.0,-1.3273820877075195,12.0,1.3190025678783266,-36.398745872168895,0.0
1751441106864.839,3,6.636910915374756,0.0,-1.2434672117233276,2.501859426498413,12.5,6.752391961760778,0.0,-10.6117024515401
1751441106864.839,4,0.0,-1.528778076171875,2.4199461936950684,-7.643890380859375,12.4,2.8623944498554055,-90.0,57.71773832167948
1751441106864.839,5,0.0,0.0,0.0,0.0,15.3,0.0,0.0,0.0
1751441106927.5774,1,-0.041194621473550797,1.0300334692001343,-0.8238924145698547,0.0,11.700000000000001,1.3196456552031528,92.29023698882905,-38.63291932442718
1751441106927.5774,2,1.943855881690979,6.636910915374756,0.0,-1.2434672117233276,11.9,6.915718486708752,73.67545014383593,0.0
1751441106927.5774,3,-7.460803508758545,0.0,-1.528778076171875,2.4199461936950684,12.3,7.615822437694277,180.0,-11.58006567358819
1751441106927.5774,4,0.0,0.0,0.0,0.0,14.100000000000001,0.0,0.0,0.0
1751441106990.82,1,0.0,1.0308568477630615,-0.8238924145698547,0.0,11.5,1.3196456158248475,90.0,-38.63292069087943
1751441106990.82,2,1.943855881690979,6.636910915374756,0.0,-1.2434672117233276,12.700000000000001,6.915718486708752,73.67545014383593,0.0
1751441106990.82,3,-7.460803508758545,0.0,-1.528778076171875,2.4199461936950684,12.600000000000001,7.615822437694277,180.0,-11.58006567358819
1751441106990.82,4,0.0,0.0,0.0,0.0,14.9,0.0,0.0,0.0
1751441107053.9907,1,0.0,1.0308568477630615,-0.8238924145698547,0.0,11.600000000000001,1.3196456158248475,90.0,-38.63292069087943
1751441107053.9907,2,0.8905436396598816,6.85814094543457,0.0,-1.2434672117233276,12.5,6.915718704631128,82.60142423570652,0.0
1751441107053.9907,3,-7.460803508758545,0.0,-1.7835743427276611,2.2387874126434326,12.3,7.671031640681729,180.0,-13.444758841180576
1751441107053.9907,4,0.0,0.0,0.0,0.0,15.600000000000001,0.0,0.0,0.0
1751441107116.6318,1,0.0,1.0308568477630615,-0.8238924145698547,0.0,11.5,1.3196456158248475,90.0,-38.63292069087943
1751441107116.6318,2,1.943855881690979,6.636910915374756,0.0,-1.2434672117233276,12.200000000000001,6.915718486708752,73.67545014383593,0.0
1751441107116.6318,3,-7.460803508758545,0.0,-1.7835743427276611,2.2387874126434326,12.600000000000001,7.671031640681729,180.0,-13.444758841180576
1751441107116.6318,4,0.0,0.0,0.0,0.0,15.5,0.0,0.0,0.0
1751441107179.6858,1,-0.041194621473550797,1.0300334692001343,-0.8238924145698547,0.0,12.0,1.3196456552031528,92.29023698882905,-38.63291932442718
1751441107179.6858,2,2.1011505126953125,6.636910915374756,0.0,-1.2434672117233276,12.3,6.961567350505226,72.43296208580024,0.0
1751441107179.6858,3,-7.460803508758545,0.0,-1.528778076171875,2.4199461936950684,11.600000000000001,7.615822437694277,180.0,-11.58006567358819
1751441107179.6858,4,0.0,0.0,0.0,0.0,14.3,0.0,0.0,0.0
1751441107242.594,1,-0.041194621473550797,1.0616741180419922,-0.7826977968215942,0.0,12.8,1.3196456990071117,92.22205144037663,-36.37816279981009
1751441107242.594,2,0.8905436396598816,6.85814094543457,0.0,-1.2434672117233276,13.200000000000001,6.915718704631128,82.60142423570652,0.0
1751441107242.594,3,-7.460803508758545,0.0,-1.528778076171875,2.4199461936950684,12.9,7.615822437694277,180.0,-11.58006567358819
1751441107242.594,4,0.0,0.0,0.0,0.0,15.3,0.0,0.0,0.0
1751441107305.2256,1,-1.5486124753952026,0.8905436396598816,6.85814094543457,0.0,13.0,7.0869856639148425,150.09855499799554,75.39999767116923
1751441107305.2256,2,2.501859426498413,-7.460803508758545,0.0,-1.528778076171875,12.3,7.869109834426178,-71.46195783223777,0.0
1751441107305.2256,3,0.0,0.0,0.0,0.0,15.0,0.0,0.0,0.0
1751441107368.2617,1,-0.37685447931289673,0.2314806580543518,-0.456192284822464,0.0,12.3,0.6353849182684543,148.43991734839426,-45.88777771995965
1751441107368.2617,2,1.943855881690979,6.636910915374756,0.0,-1.2434672117233276,12.8,6.915718486708752,73.67545014383593,0.0
1751441107368.2617,3,-7.460803508758545,0.0,-1.528778076171875,2.4199461936950684,11.9,7.615822437694277,180.0,-11.58006567358819
1751441107368.2617,4,0.0,0.0,0.0,0.0,14.4,0.0,0.0,0.0
1751441107430.9028,1,-1.5486124753952026,0.8905436396598816,6.85814094543457,0.0,13.5,7.0869856639148425,150.09855499799554,75.39999767116923
1751441107430.9028,2,2.3619840145111084,-7.460803508758545,0.0,-1.528778076171875,13.100000000000001,7.825762421713927,-72.43295538619833,0.0
1751441107430.9028,3,0.0,0.0,0.0,0.0,13.0,0.0,0.0,0.0
1751441107493.517,1,0.0,0.0,0.0,0.0,11.9,0.0,0.0,0.0
1751441107556.046,1,0.0,0.0,0.0,0.0,12.3,0.0,0.0,0.0
1751441107618.6108,1,0.0,0.0,0.0,0.0,12.100000000000001,0.0,0.0,0.0
1751441107681.2427,1,0.0,0.0,0.0,0.0,12.0,0.0,0.0,0.0
1751441107744.024,1,0.0,0.0,0.0,0.0,12.100000000000001,0.0,0.0,0.0
1751441107806.6445,1,0.0,0.0,0.0,0.0,11.9,0.0,0.0,0.0
1751441107869.7756,1,0.0,0.0,0.0,0.0,12.600000000000001,0.0,0.0,0.0
1751441107932.5386,1,0.0,0.0,0.0,0.0,12.8,0.0,0.0,0.0
1751441107995.56,1,0.0,0.0,0.0,0.0,13.5,0.0,0.0,0.0
1751441108058.3152,1,0.0,0.0,0.0,0.0,12.5,0.0,0.0,0.0
1751441108120.9568,1,0.0,0.0,0.0,0.0,12.700000000000001,0.0,0.0,0.0
1751441108184.0989,1,-1.5486124753952026,0.8905436396598816,6.85814094543457,0.0,11.700000000000001,7.0869856639148425,150.09855499799554,75.39999767116923
1751441108184.0989,2,0.0,0.0,0.0,0.0,16.5,0.0,0.0,0.0
1751441108246.7522,1,0.0,0.0,0.0,0.0,18.1,0.0,0.0,0.0
1751441108310.2815,1,0.0,0.0,0.0,0.0,15.4,0.0,0.0,0.0
1751441108372.2993,1,-1.3273820877075195,1.195543885231018,6.85814094543457,0.0,13.600000000000001,7.086985650876276,137.99133157946505,75.3999980758529
1751441108372.2993,2,0.0,0.0,0.0,0.0,15.8,0.0,0.0,0.0
1751441108435.233,1,-1.2434672117233276,2.501859426498413,-7.460803508758545,0.0,13.600000000000001,7.966749669275028,116.42816745882851,-69.47066702832174
1751441108435.233,2,0.0,0.0,0.0,0.0,14.5,0.0,0.0,0.0
1751441108497.7341,1,-1.5486124753952026,0.8905436396598816,6.85814094543457,0.0,13.200000000000001,7.0869856639148425,150.09855499799554,75.39999767116923
1751441108497.7341,2,1.5768784284591675,-7.709496974945068,0.0,-1.7835743427276611,12.700000000000001,7.869109808919114,-78.44032670370814,0.0
1751441108497.7341,3,0.0,0.0,0.0,0.0,14.5,0.0,0.0,0.0
1751441108560.502,1,-1.5486124753952026,1.943855881690979,6.636910915374756,0.0,12.3,7.086985451258867,128.5432953543727,69.47067258083293
1751441108560.502,2,1.5768784284591675,-7.709496974945068,0.0,-1.7835743427276611,12.100000000000001,7.869109808919114,-78.44032670370814,0.0
1751441108560.502,3,0.0,0.0,0.0,0.0,13.5,0.0,0.0,0.0
1751441108623.1365,1,-1.3273820877075195,1.195543885231018,6.85814094543457,0.0,12.5,7.086985650876276,137.99133157946505,75.3999980758529
1751441108623.1365,2,1.5768784284591675,-7.709496974945068,0.0,-1.528778076171875,12.4,7.869109808919114,-78.44032670370814,0.0
1751441108623.1365,3,0.0,0.0,0.0,0.0,13.700000000000001,0.0,0.0,0.0
1751441108686.0276,1,-1.5486124753952026,0.8905436396598816,6.85814094543457,0.0,12.600000000000001,7.0869856639148425,150.09855499799554,75.39999767116923
1751441108686.0276,2,2.501859426498413,-7.460803508758545,0.0,-1.528778076171875,13.100000000000001,7.869109834426178,-71.46195783223777,0.0
1751441108686.0276,3,0.0,0.0,0.0,0.0,14.200000000000001,0.0,0.0,0.0
1751441108748.7903,1,-1.5486124753952026,0.8905436396598816,6.85814094543457,0.0,12.9,7.0869856639148425,150.09855499799554,75.39999767116923
1751441108748.7903,2,1.5768784284591675,-7.709496974945068,0.0,-1.528778076171875,13.700000000000001,7.869109808919114,-78.44032670370814,0.0
1751441108748.7903,3,0.0,0.0,0.0,0.0,14.3,0.0,0.0,0.0
1751441108811.4246,1,-1.5486124753952026,1.943855881690979,6.636910915374756,0.0,11.700000000000001,7.086985451258867,128.5432953543727,69.47067258083293
1751441108811.4246,2,2.501859426498413,-7.460803508758545,0.0,-1.528778076171875,13.0,7.869109834426178,-71.46195783223777,0.0
1751441108811.4246,3,0.0,0.0,0.0,0.0,15.5,0.0,0.0,0.0
1751441108874.0508,1,-1.5486124753952026,1.943855881690979,6.636910915374756,0.0,11.4,7.086985451258867,128.5432953543727,69.47067258083293
1751441108874.0508,2,2.501859426498413,-7.460803508758545,0.0,-1.528778076171875,13.0,7.869109834426178,-71.46195783223777,0.0
1751441108874.0508,3,0.0,0.0,0.0,0.0,15.100000000000001,0.0,0.0,0.0
1751441108936.8032,1,-1.5486124753952026,1.943855881690979,6.636910915374756,0.0,12.5,7.086985451258867,128.5432953543727,69.47067258083293
1751441108936.8032,2,2.501859426498413,-7.460803508758545,0.0,-1.528778076171875,13.5,7.869109834426178,-71.46195783223777,0.0
1751441108936.8032,3,0.0,0.0,0.0,0.0,16.3,0.0,0.0,0.0
1751441108999.8496,1,-1.5486124753952026,1.943855881690979,6.636910915374756,0.0,12.3,7.086985451258867,128.5432953543727,69.47067258083293
1751441108999.8496,2,2.501859426498413,-7.460803508758545,0.0,-1.528778076171875,12.4,7.869109834426178,-71.46195783223777,0.0
1751441108999.8496,3,0.0,0.0,0.0,0.0,15.200000000000001,0.0,0.0,0.0
1751441109062.88,1,-1.5486124753952026,0.8905436396598816,6.85814094543457,0.0,12.700000000000001,7.0869856639148425,150.09855499799554,75.39999767116923
1751441109062.88,2,2.501859426498413,-7.460803508758545,0.0,-1.528778076171875,12.600000000000001,7.869109834426178,-71.46195783223777,0.0
1751441109062.88,3,0.0,0.0,0.0,0.0,15.600000000000001,0.0,0.0,0.0
1751441109125.6882,1,-1.5486124753952026,1.943855881690979,6.636910915374756,0.0,11.700000000000001,7.086985451258867,128.5432953543727,69.47067258083293
1751441109125.6882,2,2.501859426498413,-7.460803508758545,0.0,-1.528778076171875,12.100000000000001,7.869109834426178,-71.46195783223777,0.0
1751441109125.6882,3,0.0,0.0,0.0,0.0,14.4,0.0,0.0,0.0
1751441109188.3228,1,-1.5486124753952026,1.943855881690979,6.636910915374756,0.0,11.8,7.086985451258867,128.5432953543727,69.47067258083293
1751441109188.3228,2,2.501859426498413,-7.460803508758545,0.0,-1.528778076171875,12.3,7.869109834426178,-71.46195783223777,0.0
1751441109188.3228,3,0.0,0.0,0.0,0.0,14.3,0.0,0.0,0.0
1751441109251.7246,1,-1.5486124753952026,1.943855881690979,6.636910915374756,0.0,11.3,7.086985451258867,128.5432953543727,69.47067258083293
1751441109251.7246,2,2.501859426498413,-7.460803508758545,0.0,-1.7835743427276611,13.700000000000001,7.869109834426178,-71.46195783223777,0.0
1751441109251.7246,3,0.0,0.0,0.0,0.0,15.700000000000001,0.0,0.0,0.0
1751441109314.3655,1,-1.5486124753952026,1.943855881690979,6.636910915374756,0.0,11.8,7.086985451258867,128.5432953543727,69.47067258083293
1751441109314.3655,2,2.501859426498413,-7.460803508758545,0.0,-1.528778076171875,12.8,7.869109834426178,-71.46195783223777,0.0
1751441109314.3655,3,0.0,0.0,0.0,0.0,15.700000000000001,0.0,0.0,0.0
1751441109376.9995,1,-1.5486124753952026,1.943855881690979,6.636910915374756,0.0,12.100000000000001,7.086985451258867,128.5432953543727,69.47067258083293
1751441109376.9995,2,2.501859426498413,-7.460803508758545,0.0,-1.528778076171875,13.600000000000001,7.869109834426178,-71.46195783223777,0.0
1751441109376.9995,3,0.0,0.0,0.0,0.0,15.8,0.0,0.0,0.0
1751441109439.678,1,-1.5486124753952026,1.943855881690979,6.636910915374756,0.0,11.700000000000001,7.086985451258867,128.5432953543727,69.47067258083293
1751441109439.678,2,2.501859426498413,-7.460803508758545,0.0,-1.528778076171875,12.9,7.869109834426178,-71.46195783223777,0.0
1751441109439.678,3,0.0,0.0,0.0,0.0,15.0,0.0,0.0,0.0
1751441109502.1743,1,-1.5486124753952026,1.943855881690979,6.636910915374756,0.0,12.0,7.086985451258867,128.5432953543727,69.47067258083293
1751441109502.1743,2,2.501859426498413,-7.460803508758545,0.0,-1.528778076171875,13.5,7.869109834426178,-71.46195783223777,0.0
1751441109502.1743,3,0.0,0.0,0.0,0.0,15.4,0.0,0.0,0.0
1751441109565.1921,1,-1.2434672117233276,2.501859426498413,-7.460803508758545,0.0,13.5,7.966749669275028,116.42816745882851,-69.47066702832174
1751441109565.1921,2,0.0,0.0,0.0,0.0,15.5,0.0,0.0,0.0
1751441109628.2092,1,-1.2434672117233276,2.501859426498413,-7.460803508758545,0.0,12.600000000000001,7.966749669275028,116.42816745882851,-69.47066702832174
1751441109628.2092,2,0.0,0.0,0.0,0.0,15.0,0.0,0.0,0.0
1751441109690.842,1,-1.5486124753952026,1.943855881690979,6.636910915374756,0.0,12.5,7.086985451258867,128.5432953543727,69.47067258083293
1751441109690.842,2,2.501859426498413,-7.460803508758545,0.0,-1.528778076171875,12.5,7.869109834426178,-71.46195783223777,0.0
1751441109690.842,3,0.0,0.0,0.0,0.0,14.3,0.0,0.0,0.0
1751441109754.0747,1,-1.2434672117233276,2.501859426498413,-7.460803508758545,0.0,12.0,7.966749669275028,116.42816745882851,-69.47066702832174
1751441109754.0747,2,0.0,0.0,0.0,0.0,14.100000000000001,0.0,0.0,0.0
1751441109816.7578,1,-1.5486124753952026,1.943855881690979,6.636910915374756,0.0,13.0,7.086985451258867,128.5432953543727,69.47067258083293
1751441109816.7578,2,2.501859426498413,-7.460803508758545,0.0,-1.528778076171875,12.600000000000001,7.869109834426178,-71.46195783223777,0.0
1751441109816.7578,3,0.0,0.0,0.0,0.0,14.5,0.0,0.0,0.0
1751441109879.3901,1,-1.5486124753952026,0.8905436396598816,6.85814094543457,0.0,13.0,7.0869856639148425,150.09855499799554,75.39999767116923
1751441109879.3901,2,2.501859426498413,-7.460803508758545,0.0,-1.528778076171875,12.5,7.869109834426178,-71.46195783223777,0.0
1751441109879.3901,3,0.0,0.0,0.0,0.0,14.100000000000001,0.0,0.0,0.0
1751441109942.6382,1,-1.5486124753952026,0.8905436396598816,6.85814094543457,0.0,13.5,7.0869856639148425,150.09855499799554,75.39999767116923
1751441109942.6382,2,2.501859426498413,-7.460803508758545,0.0,-1.528778076171875,13.4,7.869109834426178,-71.46195783223777,0.0
1751441109942.6382,3,0.0,0.0,0.0,0.0,14.600000000000001,0.0,0.0,0.0
1751441110005.2725,1,-1.5486124753952026,1.943855881690979,6.636910915374756,0.0,13.0,7.086985451258867,128.5432953543727,69.47067258083293
1751441110005.2725,2,2.501859426498413,-7.460803508758545,0.0,-1.528778076171875,12.9,7.869109834426178,-71.46195783223777,0.0
1751441110005.2725,3,0.0,0.0,0.0,0.0,14.3,0.0,0.0,0.0
1751441110068.016,1,-1.5486124753952026,1.943855881690979,6.636910915374756,0.0,13.0,7.086985451258867,128.5432953543727,69.47067258083293
1751441110068.016,2,1.5768784284591675,-7.709496974945068,0.0,-1.528778076171875,13.4,7.869109808919114,-78.44032670370814,0.0
1751441110068.016,3,0.0,0.0,0.0,0.0,14.700000000000001,0.0,0.0,0.0
1751441110130.8152,1,-1.5486124753952026,0.8905436396598816,6.85814094543457,0.0,13.3,7.0869856639148425,150.09855499799554,75.39999767116923
1751441110130.8152,2,2.501859426498413,-7.460803508758545,0.0,-1.528778076171875,12.9,7.869109834426178,-71.46195783223777,0.0
1751441110130.8152,3,0.0,0.0,0.0,0.0,14.5,0.0,0.0,0.0
1751441110193.4473,1,-1.5486124753952026,0.8905436396598816,6.85814094543457,0.0,13.0,7.0869856639148425,150.09855499799554,75.39999767116923
1751441110193.4473,2,1.5768784284591675,-7.709496974945068,0.0,-1.528778076171875,12.9,7.869109808919114,-78.44032670370814,0.0
1751441110193.4473,3,0.0,0.0,0.0,0.0,14.5,0.0,0.0,0.0
1751441110256.7234,1,-1.5486124753952026,0.8905436396598816,6.85814094543457,0.0,13.600000000000001,7.0869856639148425,150.09855499799554,75.39999767116923
1751441110256.7234,2,2.501859426498413,-7.460803508758545,0.0,-1.528778076171875,13.100000000000001,7.869109834426178,-71.46195783223777,0.0
1751441110256.7234,3,0.0,0.0,0.0,0.0,15.0,0.0,0.0,0.0
1751441110319.3604,1,-0.3570200502872467,0.17427682876586914,-0.49586114287376404,0.0,11.9,0.6353849245645286,153.98100830848952,-51.29818676386674
1751441110319.3604,2,0.8905436396598816,6.85814094543457,0.0,-1.492160677909851,13.8,6.915718704631128,82.60142423570652,0.0
1751441110319.3604,3,-7.460803508758545,0.0,-1.528778076171875,2.4199461936950684,12.9,7.615822437694277,180.0,-11.58006567358819
1751441110319.3604,4,0.0,0.0,0.0,0.0,14.200000000000001,0.0,0.0,0.0
1751441110381.9922,1,-1.5486124753952026,0.8905436396598816,6.85814094543457,0.0,14.600000000000001,7.0869856639148425,150.09855499799554,75.39999767116923
1751441110381.9922,2,1.5768784284591675,-7.709496974945068,0.0,-1.528778076171875,12.700000000000001,7.869109808919114,-78.44032670370814,0.0
1751441110381.9922,3,0.0,0.0,0.0,0.0,14.8,0.0,0.0,0.0
1751441110445.2163,1,-1.5486124753952026,0.8905436396598816,6.85814094543457,0.0,14.3,7.0869856639148425,150.09855499799554,75.39999767116923
1751441110445.2163,2,1.5768784284591675,-7.709496974945068,0.0,-1.528778076171875,12.3,7.869109808919114,-78.44032670370814,0.0
1751441110445.2163,3,0.0,0.0,0.0,0.0,13.4,0.0,0.0,0.0
1751441110507.715,1,-1.5486124753952026,0.8905436396598816,6.85814094543457,0.0,13.600000000000001,7.0869856639148425,150.09855499799554,75.39999767116923
1751441110507.715,2,1.5768784284591675,-7.709496974945068,0.0,-1.528778076171875,12.200000000000001,7.869109808919114,-78.44032670370814,0.0
1751441110507.715,3,0.0,0.0,0.0,0.0,14.0,0.0,0.0,0.0
1751441110570.757,1,-1.5486124753952026,0.8905436396598816,6.85814094543457,0.0,13.4,7.0869856639148425,150.09855499799554,75.39999767116923
1751441110570.757,2,1.5768784284591675,-7.709496974945068,0.0,-1.528778076171875,13.5,7.869109808919114,-78.44032670370814,0.0
1751441110570.757,3,0.0,0.0,0.0,0.0,13.8,0.0,0.0,0.0
1751441110633.5278,1,-1.5486124753952026,0.8905436396598816,6.85814094543457,0.0,13.5,7.0869856639148425,150.09855499799554,75.39999767116923
1751441110633.5278,2,2.501859426498413,-7.460803508758545,0.0,-1.528778076171875,12.200000000000001,7.869109834426178,-71.46195783223777,0.0
1751441110633.5278,3,0.0,0.0,0.0,0.0,13.700000000000001,0.0,0.0,0.0
1751441110696.6196,1,-1.5486124753952026,0.8905436396598816,6.85814094543457,0.0,13.5,7.0869856639148425,150.09855499799554,75.39999767116923
1751441110696.6196,2,2.501859426498413,-7.460803508758545,0.0,-1.528778076171875,12.3,7.869109834426178,-71.46195783223777,0.0
1751441110696.6196,3,0.0,0.0,0.0,0.0,13.8,0.0,0.0,0.0
1751441110759.921,1,-1.5486124753952026,0.8905436396598816,6.85814094543457,0.0,13.9,7.0869856639148425,150.09855499799554,75.39999767116923
1751441110759.921,2,1.5768784284591675,-7.709496974945068,0.0,-1.528778076171875,11.700000000000001,7.869109808919114,-78.44032670370814,0.0
1751441110759.921,3,0.0,0.0,0.0,0.0,14.3,0.0,0.0,0.0
1751441110822.9631,1,-1.5486124753952026,0.8905436396598816,6.85814094543457,0.0,13.3,7.0869856639148425,150.09855499799554,75.39999767116923
1751441110822.9631,2,2.501859426498413,-7.460803508758545,0.0,-1.528778076171875,11.700000000000001,7.869109834426178,-71.46195783223777,0.0
1751441110822.9631,3,0.0,0.0,0.0,0.0,14.4,0.0,0.0,0.0
1751441110885.5964,1,-1.5486124753952026,0.8905436396598816,6.85814094543457,0.0,13.5,7.0869856639148425,150.09855499799554,75.39999767116923
1751441110885.5964,2,1.5768784284591675,-7.709496974945068,0.0,-1.528778076171875,11.700000000000001,7.869109808919114,-78.44032670370814,0.0
1751441110885.5964,3,0.0,0.0,0.0,0.0,13.8,0.0,0.0,0.0
1751441110948.9907,1,-1.5486124753952026,0.8905436396598816,6.85814094543457,0.0,13.8,7.0869856639148425,150.09855499799554,75.39999767116923
1751441110948.9907,2,0.0,0.0,0.0,0.0,13.9,0.0,0.0,0.0
1751441111011.6228,1,-1.5486124753952026,0.8905436396598816,6.85814094543457,0.0,14.0,7.0869856639148425,150.09855499799554,75.39999767116923
1751441111011.6228,2,1.5768784284591675,-7.709496974945068,0.0,-1.528778076171875,12.0,7.869109808919114,-78.44032670370814,0.0
1751441111011.6228,3,0.0,0.0,0.0,0.0,13.5,0.0,0.0,0.0
1751441111074.7732,1,0.0,0.0,0.0,0.0,12.0,0.0,0.0,0.0
1751441111137.5684,1,-1.2434672117233276,1.5768784284591675,-7.709496974945068,0.0,11.600000000000001,7.966749644080577,128.25798763872658,-75.40000814381139
1751441111137.5684,2,0.0,0.0,0.0,0.0,12.4,0.0,0.0,0.0
1751441111200.2036,1,0.0,0.0,0.0,0.0,11.3,0.0,0.0,0.0
1751441111262.6084,1,0.0,0.0,0.0,0.0,15.100000000000001,0.0,0.0,0.0
1751441111325.2507,1,-0.041194621473550797,1.0616741180419922,-0.7826977968215942,0.0,13.100000000000001,1.3196456990071117,92.22205144037663,-36.37816279981009
1751441111325.2507,2,0.0,0.0,0.0,0.0,12.8,0.0,0.0,0.0
1751441111387.886,1,0.0,0.0,0.0,0.0,11.8,0.0,0.0,0.0
1751441111513.5396,1,0.0,0.0,0.0,0.0,11.700000000000001,0.0,0.0,0.0
1751441111576.49,1,0.0,0.0,0.0,0.0,12.0,0.0,0.0,0.0
1751441111639.358,1,0.0,0.0,0.0,0.0,12.0,0.0,0.0,0.0
1751441111701.8577,1,-0.3371855616569519,0.15517061948776245,-0.5156956315040588,0.0,11.200000000000001,0.6353849293888706,155.28841775050716,-54.25521006955236
1751441111701.8577,2,0.0,0.0,0.0,0.0,12.3,0.0,0.0,0.0
1751441111764.613,1,0.0,0.0,0.0,0.0,12.100000000000001,0.0,0.0,0.0
1751441112016.5535,1,-1.5486124753952026,0.8905436396598816,6.85814094543457,0.0,11.700000000000001,7.0869856639148425,150.09855499799554,75.39999767116923
1751441112016.5535,2,0.0,0.0,0.0,0.0,12.8,0.0,0.0,0.0
1751441112079.7483,1,-0.3173511326313019,0.23900625109672546,-0.49586114287376404,0.0,11.700000000000001,0.6353849246384089,143.0155467161048,-51.298186755551555
1751441112079.7483,2,0.8905436396598816,6.85814094543457,0.0,-1.528778076171875,12.9,6.915718704631128,82.60142423570652,0.0
1751441112079.7483,3,0.0,0.0,0.0,0.0,15.0,0.0,0.0,0.0
1751441112253.0374,1,-1.5486124753952026,1.943855881690979,6.636910915374756,0.0,13.3,7.086985451258867,128.5432953543727,69.47067258083293
1751441112253.0374,2,0.0,0.0,0.0,0.0,15.9,0.0,0.0,0.0
1751441112265.3545,1,0.0,0.0,0.0,0.0,14.200000000000001,0.0,0.0,0.0
1751441112327.7695,1,-1.2434672117233276,2.501859426498413,-7.460803508758545,0.0,12.0,7.966749669275028,116.42816745882851,-69.47066702832174
1751441112327.7695,2,0.0,0.0,0.0,0.0,14.8,0.0,0.0,0.0
1751441112389.9492,1,-1.2434672117233276,2.501859426498413,-7.460803508758545,0.0,12.5,7.966749669275028,116.42816745882851,-69.47066702832174
1751441112389.9492,2,0.0,0.0,0.0,0.0,14.700000000000001,0.0,0.0,0.0
1751441112452.3677,1,-0.3570200502872467,0.29298901557922363,-0.4363577961921692,0.0,11.5,0.6353849273116867,140.6259366861551,-43.3742834986358
1751441112452.3677,2,0.26699545979499817,0.37685447931289673,0.0,-1.5486124753952026,11.5,0.4618504889348251,54.68302938056785,0.0
1751441112452.3677,3,6.636910915374756,0.0,-1.2434672117233276,2.501859426498413,11.600000000000001,6.752391961760778,0.0,-10.6117024515401
1751441112452.3677,4,0.0,-1.528778076171875,2.4199461936950684,-7.643890380859375,12.600000000000001,2.8623944498554055,-90.0,57.71773832167948
1751441112452.3677,5,0.0,0.0,0.0,0.0,15.200000000000001,0.0,0.0,0.0
1751441112520.2798,1,-1.5486124753952026,1.943855881690979,6.636910915374756,0.0,12.0,7.086985451258867,128.5432953543727,69.47067258083293
1751441112520.2798,2,2.501859426498413,-7.460803508758545,0.0,-1.528778076171875,14.0,7.869109834426178,-71.46195783223777,0.0
1751441112520.2798,3,0.0,0.0,0.0,0.0,15.4,0.0,0.0,0.0
1751441112582.7922,1,-1.5486124753952026,0.8905436396598816,6.85814094543457,0.0,12.700000000000001,7.0869856639148425,150.09855499799554,75.39999767116923
1751441112582.7922,2,1.5768784284591675,-7.709496974945068,0.0,-1.528778076171875,12.8,7.869109808919114,-78.44032670370814,0.0
1751441112582.7922,3,0.0,0.0,0.0,0.0,14.700000000000001,0.0,0.0,0.0
1751441112645.8462,1,-1.2434672117233276,2.501859426498413,-7.460803508758545,0.0,12.4,7.966749669275028,116.42816745882851,-69.47066702832174
1751441112645.8462,2,0.0,0.0,0.0,0.0,14.600000000000001,0.0,0.0,0.0
1751441112708.9976,1,0.0,1.062472939491272,-0.7826977968215942,0.0,11.600000000000001,1.319645629819082,90.0,-36.37816501276454
1751441112708.9976,2,1.195543885231018,6.85814094543457,0.0,-1.2434672117233276,13.9,6.9615675252747105,80.11129667065943,0.0
1751441112708.9976,3,-7.460803508758545,0.0,-1.528778076171875,2.4199461936950684,12.4,7.615822437694277,180.0,-11.58006567358819
1751441112708.9976,4,0.0,0.0,0.0,0.0,11.700000000000001,0.0,0.0,0.0
1751441112771.774,1,-0.041194621473550797,1.0616741180419922,-0.7826977968215942,0.0,12.5,1.3196456990071117,92.22205144037663,-36.37816279981009
1751441112771.774,2,0.8905436396598816,6.85814094543457,0.0,-1.2434672117233276,13.3,6.915718704631128,82.60142423570652,0.0
1751441112771.774,3,0.0,0.0,0.0,0.0,12.100000000000001,0.0,0.0,0.0
1751441112834.7073,1,-0.041194621473550797,1.0616741180419922,-0.7826977968215942,0.0,12.700000000000001,1.3196456990071117,92.22205144037663,-36.37816279981009
1751441112834.7073,2,0.8905436396598816,6.85814094543457,0.0,-1.2434672117233276,12.3,6.915718704631128,82.60142423570652,0.0
1751441112834.7073,3,-7.460803508758545,0.0,-1.528778076171875,2.4199461936950684,13.200000000000001,7.615822437694277,180.0,-11.58006567358819
1751441112834.7073,4,0.0,0.0,0.0,0.0,14.700000000000001,0.0,0.0,0.0
1751441112897.4636,1,0.0,1.0308568477630615,-0.8238924145698547,0.0,11.200000000000001,1.3196456158248475,90.0,-38.63292069087943
1751441112897.4636,2,1.943855881690979,6.636910915374756,0.0,-1.2434672117233276,12.8,6.915718486708752,73.67545014383593,0.0
1751441112897.4636,3,-7.709496974945068,0.0,-1.528778076171875,2.4199461936950684,12.8,7.859612332225486,180.0,-11.216136862487362
1751441112897.4636,4,0.0,0.0,0.0,0.0,15.0,0.0,0.0,0.0
1751441112963.5222,1,-0.041194621473550797,1.0616741180419922,-0.7826977968215942,0.0,11.9,1.3196456990071117,92.22205144037663,-36.37816279981009
1751441112963.5222,2,0.8905436396598816,6.85814094543457,0.0,-1.2434672117233276,13.600000000000001,6.915718704631128,82.60142423570652,0.0
1751441112963.5222,3,-7.460803508758545,0.0,-1.528778076171875,2.4199461936950684,12.700000000000001,7.615822437694277,180.0,-11.58006567358819
1751441112963.5222,4,0.0,0.0,0.0,0.0,14.600000000000001,0.0,0.0,0.0
